排名,单词,词频,梯队,释义,分类,子分类,真题搭配,其他拼写,备注
1,the,86015,核心高频,这个、这些,抽象概念,基础功能词,,,
2,be,54093,核心高频,是、存在,动作行为,起始与终止,,,
3,a,50252,核心高频,一、每一,抽象概念,基础功能词,,,
4,to,44609,核心高频,目的、终点,空间地点,,,,
5,of,40452,核心高频,的,抽象概念,基础功能词,,,
6,and,28550,核心高频,和,抽象概念,逻辑与关系,,,
7,in,28481,核心高频,在…内,空间地点,,,,
8,have,15599,核心高频,有,动作行为,身体动作,,,
9,that,14916,核心高频,那,抽象概念,基础功能词,,,
10,it,13810,核心高频,它,抽象概念,基础功能词,,,
11,for,13733,核心高频,为了…、因为…,抽象概念,逻辑与关系,,,
12,on,12004,核心高频,在…上、持续,空间地点,,,,
13,they,11942,核心高频,他们,人类与社会,,,,
14,you,10015,核心高频,你,人类与社会,,,,
15,with,9006,核心高频,伴随,空间地点,,,,
16,as,8258,核心高频,作为、既然、随着、就像,抽象概念,逻辑与关系,,,
17,their,7050,核心高频,他们的,人类与社会,,,,
18,by,6895,核心高频,方式、到…为止,空间地点,,,,
19,not,6608,核心高频,不、没有,抽象概念,逻辑与关系,,,
20,he,6542,核心高频,他,人类与社会,,,,
21,from,6455,核心高频,从…、起点,空间地点,,,,
22,at,6378,核心高频,在…位置,空间地点,,,,
23,will,6253,核心高频,将、会,动作行为,身体动作,,,
24,more,6132,核心高频,更多的,抽象概念,数量与程度,,,
25,do,5932,核心高频,做,动作行为,变化趋势,,,
26,we,5808,核心高频,我们,人类与社会,,,,
27,passage,5643,核心高频,段落、通道,空间地点,,,,
28,this,5481,核心高频,这,抽象概念,基础功能词,,,
29,or,5362,核心高频,或者、否则,抽象概念,逻辑与关系,,,
30,can,5333,核心高频,能,动作行为,身体动作,,,
31,I,5332,核心高频,我,人类与社会,,,,
32,one,5193,核心高频,一个,抽象概念,数量与程度,,,
33,but,4929,核心高频,但是,抽象概念,逻辑与关系,,,
34,question,4834,核心高频,问题,动作行为,心理活动,,,
35,people,4812,核心高频,人民、民族,人类与社会,,,,
36,what,4554,核心高频,什么,抽象概念,基础功能词,,,
37,there,4126,核心高频,那里,空间地点,,,,
38,well,4065,核心高频,好、井、涌出,抽象概念,数量与程度,,,
39,about,4062,核心高频,关于,空间地点,,,,
40,answer,3908,核心高频,回答,动作行为,社交交互,,,
41,make,3882,核心高频,制作、使得,动作行为,使动与影响,,,
42,than,3795,核心高频,比,抽象概念,逻辑与关系,,,
43,his,3761,核心高频,他的,人类与社会,,,,
44,time,3396,核心高频,时间,时间日期,,,,
45,say,3372,核心高频,说、说明,动作行为,心理活动,,,
46,work,3364,核心高频,工作,动作行为,身体动作,,,
47,which,3351,核心高频,哪个、什么样的,抽象概念,基础功能词,,,
48,when,3272,核心高频,当,时间日期,,,,
49,should,3190,核心高频,应该,动作行为,其他动作,,,
50,part,3133,核心高频,部分,人类与社会,,,,
51,your,3121,核心高频,你的,人类与社会,,,,
52,use,3066,核心高频,使用,动作行为,使动与影响,,,
53,all,3043,核心高频,一切,抽象概念,数量与程度,,,
54,follow,3014,核心高频,跟随,动作行为,心理活动,,,
55,she,2960,核心高频,她,人类与社会,,,,
56,who,2954,核心高频,谁,人类与社会,,,,
57,each,2924,核心高频,每个,抽象概念,数量与程度,,,
58,some,2923,核心高频,一些,抽象概念,数量与程度,,,
59,other,2891,核心高频,其他,抽象概念,性质与评价,,,
60,if,2794,核心高频,如果、是否,抽象概念,逻辑与关系,,,
61,year,2791,核心高频,年,时间日期,,,,
62,write,2693,核心高频,写,动作行为,身体动作,,,
63,new,2672,核心高频,新的,抽象概念,性质与评价,,,
64,section,2670,核心高频,部分、地段,教育学习,,,,
65,its,2572,核心高频,它的,抽象概念,基础功能词,,,
66,word,2552,核心高频,说话、单词,教育学习,,,,
67,mark,2548,核心高频,标记,动作行为,身体动作,mark a turning point,,
68,may,2528,核心高频,可能、祝,抽象概念,基础功能词,,,
69,take,2496,核心高频,拿走、携带,动作行为,身体动作,,,
70,many,2493,核心高频,很多,抽象概念,数量与程度,,,
71,most,2477,核心高频,最多的、大多数的,抽象概念,数量与程度,,,
72,read,2475,核心高频,读,动作行为,心理活动,,,
73,up,2454,核心高频,在...上、完成,空间地点,,,,
74,her,2437,核心高频,她的,人类与社会,,,,
75,only,2425,核心高频,仅仅,抽象概念,数量与程度,,,
76,would,2396,核心高频,愿意,动作行为,其他动作,,,
77,go,2394,核心高频,去,动作行为,身体动作,,,
78,hear,2376,核心高频,听到,动作行为,身体动作,,,
79,give,2373,核心高频,给,动作行为,使动与影响,,,
80,base,2332,核心高频,基础、基地,空间地点,,,,
81,no,2321,核心高频,否定,抽象概念,数量与程度,,,
82,so,2281,核心高频,因此,抽象概念,逻辑与关系,,,
83,get,2258,核心高频,得到,动作行为,使动与影响,,,
84,two,2241,核心高频,二,时间日期,,,,
85,student,2205,核心高频,学生,教育学习,,,,
86,our,2178,核心高频,我们的,人类与社会,,,,
87,out,2168,核心高频,出去、外面,空间地点,,,,
88,just,2152,核心高频,只、仅仅,抽象概念,逻辑与关系,,,
89,child,2149,核心高频,孩子,人类与社会,,,,
90,how,2125,核心高频,如何,抽象概念,逻辑与关系,,,
91,find,2070,核心高频,发现,动作行为,评价与判断,,,
92,way,2033,核心高频,方式,空间地点,,,,
93,into,2016,核心高频,进入内部,空间地点,,,,
94,because,1932,核心高频,因为,抽象概念,逻辑与关系,,,
95,sheet,1929,核心高频,被单、（一）张、纸,日常生活,,,,
96,man,1925,核心高频,男人,人类与社会,,,,
97,like,1918,核心高频,喜欢、像,动作行为,其他动作,,,
98,through,1912,核心高频,通过、穿过,空间地点,,,,
99,woman,1908,核心高频,女人,人类与社会,,,,
100,school,1862,核心高频,学校,教育学习,,a school of thought,,
101,think,1845,核心高频,认为,动作行为,心理活动,,,
102,world,1842,核心高频,世界,自然环境,,,,
103,choice,1823,核心高频,选择,抽象概念,认知与抽象名词,,,
104,change,1810,核心高频,改变,动作行为,变化趋势,,,
105,direction,1778,核心高频,方向、指令,空间地点,,,,
106,much,1727,核心高频,许多的、非常,抽象概念,数量与程度,,,
107,life,1722,核心高频,生命、人生,人类与社会,,,,
108,long,1714,核心高频,长,抽象概念,数量与程度,,,
109,study,1669,核心高频,学习,教育学习,,,,
110,need,1667,核心高频,需要,动作行为,其他动作,,,
111,first,1659,核心高频,第一,抽象概念,数量与程度,,,
112,help,1637,核心高频,帮助,动作行为,身体动作,,,
113,four,1617,核心高频,四,时间日期,,,,
114,job,1606,核心高频,工作,职业工作,,,,
115,learn,1597,核心高频,学习、了解,动作行为,身体动作,,,
116,high,1585,核心高频,高的、高,抽象概念,性质与评价,,,
117,now,1575,核心高频,现在,时间日期,,,,
118,good,1571,核心高频,好的、货物,抽象概念,性质与评价,,,
119,over,1554,核心高频,在…上方、结束,空间地点,,,,
120,then,1539,核心高频,然后,时间日期,,,,
121,minute,1538,核心高频,分钟、微小的,时间日期,,minute details,,
122,after,1528,核心高频,在…之后,时间日期,,,,
123,live,1524,核心高频,住、生活,动作行为,其他动作,,,
124,know,1511,核心高频,知道,动作行为,心理活动,,,
125,line,1511,核心高频,排队、线,空间地点,,,,
126,these,1504,核心高频,这些、这些人,抽象概念,基础功能词,,,
127,become,1500,核心高频,成为、适宜,动作行为,起始与终止,,,
128,author,1492,核心高频,作者,职业工作,,the author of the plan,,
129,could,1479,核心高频,能够,动作行为,评价与判断,,,
130,even,1465,核心高频,甚至,抽象概念,逻辑与关系,,,
131,also,1446,核心高频,也,抽象概念,逻辑与关系,,,
132,come,1430,核心高频,来,动作行为,变化趋势,,,
133,such,1424,核心高频,这样的,抽象概念,性质与评价,,,
134,mean,1424,核心高频,意思是、意味着,动作行为,身体动作,the mean value,,
135,letter,1422,核心高频,信件,教育学习,,,,
136,see,1402,核心高频,看,动作行为,身体动作,,,
137,three,1345,核心高频,三,时间日期,,,,
138,those,1332,核心高频,那些,抽象概念,基础功能词,,,
139,end,1303,核心高频,结束,时间日期,,,,
140,once,1271,核心高频,曾经、一次,时间日期,,,,
141,company,1267,核心高频,公司、陪伴,商业经济,,keep sb. company,,
142,conversation,1254,核心高频,对话,情感心理,,,converzation,
143,problem,1246,核心高频,问题,教育学习,,,,
144,university,1246,核心高频,大学,教育学习,,,,
145,human,1245,核心高频,人,人类与社会,,,,
146,state,1234,核心高频,陈述、状态,空间地点,,state clearly that,,
147,want,1234,核心高频,想要,动作行为,身体动作,,,
148,must,1218,核心高频,必须,动作行为,其他动作,,,
149,food,1217,核心高频,食物,食物营养,,,,
150,country,1204,核心高频,国家,空间地点,,,,
151,choose,1201,核心高频,选择,动作行为,评价与判断,,,
152,any,1199,核心高频,任何,抽象概念,数量与程度,,,
153,my,1197,核心高频,我的,人类与社会,,,,
154,day,1194,核心高频,日子,时间日期,,,,
155,less,1190,核心高频,更少,抽象概念,数量与程度,,,
156,accord,1184,核心高频,协议、符合,情感心理,,,,
157,show,1177,核心高频,展示、展现,动作行为,其他动作,,,
158,both,1172,核心高频,两者,抽象概念,数量与程度,,,
159,social,1170,核心高频,社会的、交际的,人类与社会,,,,
160,very,1167,核心高频,非常,抽象概念,数量与程度,,,
161,great,1166,核心高频,巨大的,抽象概念,数量与程度,,,
162,thing,1151,核心高频,事情,抽象概念,认知与抽象名词,,,
163,information,1146,核心高频,信息,科学技术,,,,
164,look,1145,核心高频,看,动作行为,身体动作,,,
165,too,1138,核心高频,太…、也,抽象概念,数量与程度,,,
166,business,1128,核心高频,商业,商业经济,,,,
167,between,1116,核心高频,在…之间,空间地点,,,,
168,research,1115,核心高频,研究,动作行为,其他动作,,,
169,before,1103,核心高频,在…之前,时间日期,,,,
170,number,1090,核心高频,数字,商业经济,,,,
171,single,1084,核心高频,单一的,抽象概念,性质与评价,,,
172,own,1078,核心高频,拥有,动作行为,占有与转移,,,
173,feel,1077,核心高频,感觉,动作行为,身体动作,,,
174,family,1070,核心高频,家庭,人类与社会,,,,
175,often,1047,核心高频,经常,时间日期,,,,
176,old,1044,核心高频,老的,时间日期,,,,
177,parent,1044,核心高频,父母,人类与社会,,,,
178,increase,1040,核心高频,增加,动作行为,变化趋势,,,
179,paragraph,1031,核心高频,段落,教育学习,,,,
180,provide,1013,核心高频,提供,动作行为,身体动作,,,
181,few,1011,核心高频,很少,抽象概念,数量与程度,,,
182,home,1009,核心高频,家,日常生活,,,,
183,while,1003,核心高频,当…时、而、尽管,时间日期,,,,
184,different,994,核心高频,不同的,抽象概念,性质与评价,,,
185,point,982,核心高频,点、指,动作行为,其他动作,,,
186,last,982,核心高频,最后的、持续,时间日期,,last for decades,,
187,text,975,核心高频,文本,教育学习,,,,
188,correspond,968,核心高频,相符合、相当,动作行为,其他动作,correspond to / with,,
189,education,958,核心高频,教育,教育学习,,,,
190,place,943,核心高频,放置、地点,空间地点,,,,
191,pay,934,核心高频,支付,动作行为,心理活动,,,
192,language,928,核心高频,语言、风格,文化宗教,,,,
193,still,926,核心高频,仍然,时间日期,,,,
194,keep,919,核心高频,保持,动作行为,身体动作,,,
195,where,899,核心高频,哪里,空间地点,,,,
196,book,898,核心高频,预定、书籍,教育学习,,,,
197,government,890,核心高频,政府,政治法律,,,,
198,college,885,核心高频,大学,教育学习,,,,
199,second,885,核心高频,第二的、次等的,时间日期,,second a motion,,
200,listen,883,核心高频,听,动作行为,身体动作,,,
201,why,880,核心高频,为什么,抽象概念,逻辑与关系,,,
202,system,878,核心高频,系统,科学技术,,,,
203,put,867,核心高频,放,动作行为,身体动作,,,
204,blank,866,核心高频,空白的、失色的,抽象概念,性质与评价,,,
205,might,847,核心高频,可能,动作行为,其他动作,,,
206,result,846,核心高频,结果,动作行为,使动与影响,,,
207,try,846,核心高频,尝试,动作行为,身体动作,,,
208,money,841,核心高频,钱,商业经济,,,,
209,ask,839,核心高频,问,动作行为,社交交互,,,
210,seem,833,核心高频,似乎,动作行为,其他动作,,,
211,speak,832,核心高频,说,动作行为,身体动作,,,
212,news,830,核心高频,新闻,文化宗教,,,,
213,example,822,核心高频,例子,教育学习,,,,
214,same,820,核心高频,同样的,抽象概念,性质与评价,,,
215,important,816,核心高频,重要的,抽象概念,性质与评价,,,
216,right,813,核心高频,正确的、权利,抽象概念,性质与评价,,,
217,report,810,核心高频,报告,动作行为,社交交互,,,
218,believe,806,核心高频,相信,动作行为,心理活动,,,
219,computer,801,核心高频,电脑,科学技术,,,,
220,public,800,核心高频,公众的,政治法律,,,,
221,health,796,核心高频,健康,健康医疗,,,,
222,far,794,核心高频,远的,空间地点,,,,
223,young,793,核心高频,年轻的,人类与社会,,,,
224,large,790,核心高频,大的,抽象概念,数量与程度,,,
225,call,790,核心高频,打电话,动作行为,身体动作,,,
226,city,789,核心高频,城市,空间地点,,,,
227,develop,788,核心高频,发展,动作行为,变化趋势,,,
228,start,786,核心高频,开始,动作行为,身体动作,,,
229,another,782,核心高频,另一个,抽象概念,数量与程度,,,
230,centre,782,核心高频,中心、中央,空间地点,,,center,
231,idea,780,核心高频,想法,抽象概念,认知与抽象名词,,,
232,during,780,核心高频,在…期间,时间日期,,,,
233,science,773,核心高频,科学,科学技术,,,,
234,allow,773,核心高频,允许,动作行为,心理活动,,,
235,age,771,核心高频,年龄,时间日期,,,,
236,leave,769,核心高频,离开,动作行为,身体动作,,,
237,every,769,核心高频,每个,抽象概念,数量与程度,,,
238,talk,768,核心高频,说,动作行为,社交交互,,,
239,require,767,核心高频,需要、要求,动作行为,社交交互,,,
240,car,765,核心高频,车,交通旅行,,,,
241,statement,764,核心高频,声明,抽象概念,认知与抽象名词,,,
242,society,761,核心高频,社会,人类与社会,,,,
243,short,756,核心高频,短,抽象概念,性质与评价,,,
244,cause,754,核心高频,造成,动作行为,使动与影响,,,
245,down,748,核心高频,在…下面、情绪低落,空间地点,,,,
246,technology,746,核心高频,技术、工艺,科学技术,,,,
247,grow,734,核心高频,成长、增长,动作行为,变化趋势,,,
248,sentence,732,核心高频,句子、判决,动作行为,其他动作,be sentenced to,,
249,without,731,核心高频,没有,空间地点,,,,
250,hour,728,核心高频,小时,时间日期,,,,
251,back,721,核心高频,背面、后退,人类与社会,,,,
252,economic,715,核心高频,经济上的,商业经济,,,,
253,big,713,核心高频,大,抽象概念,数量与程度,,,
254,begin,707,核心高频,开始,动作行为,身体动作,,,
255,lead,707,核心高频,带领,动作行为,使动与影响,the lead,,
256,build,706,核心高频,建造,动作行为,身体动作,,,
257,early,704,核心高频,早期的,时间日期,,,,
258,off,700,核心高频,关闭、不在原处,空间地点,,,,
259,spend,689,核心高频,花,动作行为,占有与转移,,,
260,little,688,核心高频,少、小,抽象概念,数量与程度,,,
261,bank,687,核心高频,银行,商业经济,,the river bank,,
262,hard,686,核心高频,困难的,抽象概念,性质与评价,,,
263,cost,682,核心高频,花费,商业经济,,,,
264,class,682,核心高频,班级,教育学习,,,,
265,group,681,核心高频,小组,人类与社会,,,,
266,price,677,核心高频,价格,商业经济,,,,
267,effect,676,核心高频,效果,抽象概念,认知与抽象名词,,,
268,comprehension,673,核心高频,理解,抽象概念,认知与抽象名词,,,
269,today,672,核心高频,在今天、现今,时间日期,,,,
270,tell,671,核心高频,告诉,动作行为,社交交互,tell A from B,,
271,set,665,核心高频,设定,动作行为,身体动作,,,
272,something,662,核心高频,某事,抽象概念,数量与程度,,,
273,play,660,核心高频,玩、扮演、戏剧,运动娱乐,,,,
274,likely,659,核心高频,很可能的、大概,抽象概念,性质与评价,,,
275,turn,658,核心高频,翻转,动作行为,身体动作,,,
276,course,657,核心高频,课程,教育学习,,in the course of,corse,
277,buy,656,核心高频,购买,商业经济,,,,
278,understand,655,核心高频,理解,动作行为,身体动作,,,
279,offer,649,核心高频,提供,动作行为,身体动作,,,
280,service,648,核心高频,服务、公共设施,商业经济,,,,
281,small,647,核心高频,小的,抽象概念,数量与程度,,,
282,product,644,核心高频,产品,商业经济,,,,
283,experience,639,核心高频,经历,动作行为,其他动作,,,
284,suggest,637,核心高频,建议,动作行为,身体动作,,,
285,decide,632,核心高频,决定,动作行为,心理活动,,,
286,test,627,核心高频,测试,动作行为,评价与判断,,,
287,scientist,625,核心高频,科学家,职业工作,,,,
288,bring,623,核心高频,带来,动作行为,身体动作,,,
289,since,622,核心高频,自从、因为、既然,时间日期,,,,
290,however,621,核心高频,但是、然而,抽象概念,逻辑与关系,,,
291,person,620,核心高频,人,人类与社会,,,,
292,teacher,619,核心高频,教师,职业工作,,,,
293,around,617,核心高频,周围、环绕,空间地点,,,,
294,whether,615,核心高频,是否,抽象概念,逻辑与关系,,,
295,future,613,核心高频,未来,时间日期,,,,
296,reason,611,核心高频,理由,动作行为,身体动作,human reason,,
297,view,610,核心高频,景观,动作行为,身体动作,,,
298,water,610,核心高频,水,自然环境,,,,
299,improve,608,核心高频,改进、提高,动作行为,变化趋势,,,
300,care,607,核心高频,关心、在意,动作行为,其他动作,,,
301,benefit,604,核心高频,益处、好处,商业经济,,,,
302,low,604,核心高频,低的,抽象概念,性质与评价,,,
303,program,603,核心高频,项目,科学技术,,,programme,
304,worker,601,核心高频,工人,职业工作,,,,
305,market,600,核心高频,市场,商业经济,,,,
306,teach,598,核心高频,教,动作行为,社交交互,,,
307,support,596,核心高频,支持,动作行为,社交交互,,,
308,among,594,核心高频,在……之中,空间地点,,,,
309,kind,593,核心高频,仁慈的、种类,情感心理,,,,
310,friend,589,核心高频,朋友,人类与社会,,,,
311,skill,588,核心高频,技术,抽象概念,认知与抽象名词,,,
312,yet,587,核心高频,然而,时间日期,,,,
313,form,585,核心高频,形式、形成,抽象概念,认知与抽象名词,,,
314,include,582,核心高频,包括,动作行为,使动与影响,,,
315,move,582,核心高频,移动,动作行为,其他动作,,,
316,rather,581,核心高频,相当的,抽象概念,数量与程度,,,
317,create,581,核心高频,创造,动作行为,身体动作,,,
318,never,581,核心高频,从不,时间日期,,,,
319,century,577,核心高频,世纪,时间日期,,,,
320,bad,575,核心高频,坏的,抽象概念,性质与评价,,,
321,eat,571,核心高频,吃,食物营养,,,,
322,always,570,核心高频,总是,时间日期,,,,
323,least,570,核心高频,最小的、最少的,抽象概念,数量与程度,,,
324,face,567,核心高频,面对,人类与社会,,,,
325,plan,564,核心高频,计划,动作行为,心理活动,,,
326,consider,560,核心高频,考虑,动作行为,心理活动,,,
327,industry,559,核心高频,工业、行业,商业经济,,,,
328,themselves,556,核心高频,他们自己、他们亲自,人类与社会,,,,
329,process,554,核心高频,过程、进程,科学技术,,processed food,,
330,rate,553,核心高频,比率,商业经济,,,,
331,fact,551,核心高频,事实,抽象概念,认知与抽象名词,,,
332,house,550,核心高频,房子,日常生活,,,,
333,culture,549,核心高频,文化,文化宗教,,,,
334,power,547,核心高频,力、功率,科学技术,,,,
335,share,545,核心高频,分享,动作行为,占有与转移,,,
336,area,542,核心高频,地区、范围,空间地点,,,,
337,million,540,核心高频,百万,商业经济,,,,
338,lot,536,核心高频,很、许多,抽象概念,数量与程度,,,
339,sense,535,核心高频,感觉,抽象概念,认知与抽象名词,,,
340,lose,530,核心高频,失去、失败,动作行为,身体动作,,,
341,against,528,核心高频,相对、相反,空间地点,,,,
342,rise,528,核心高频,上升,动作行为,身体动作,,rize,
343,energy,526,核心高频,精力,科学技术,,,,
344,control,524,核心高频,控制,动作行为,社交交互,,,
345,space,523,核心高频,空间,自然环境,,,,
346,case,521,核心高频,情况,抽象概念,认知与抽象名词,,,
347,hold,518,核心高频,握着、坚持,动作行为,身体动作,,,
348,possible,518,核心高频,可能的,抽象概念,性质与评价,,,
349,ability,514,核心高频,能力,抽象概念,认知与抽象名词,,,
350,animal,511,核心高频,动物,自然环境,,,,
351,enough,511,核心高频,足够,抽象概念,数量与程度,,,
352,value,510,核心高频,价值,商业经济,,,,
353,role,507,核心高频,角色,职业工作,,,,
354,week,505,核心高频,周末,时间日期,,,,
355,individual,503,核心高频,个人的、独特的,人类与社会,,,,
356,hand,502,核心高频,手,人类与社会,,,,
357,open,501,核心高频,打开,动作行为,身体动作,,,
358,ten,500,核心高频,十,时间日期,,,,
359,term,497,核心高频,条款、期限,教育学习,,in terms of,,
360,away,496,核心高频,离开,空间地点,,,,
361,happen,493,核心高频,发生,动作行为,身体动作,,,
362,fall,492,核心高频,下降、掉落,动作行为,变化趋势,,,
363,self,491,核心高频,自我、自己,人类与社会,,,,
364,art,491,核心高频,艺术,文化宗教,,,,
365,decision,490,核心高频,决定、决议,抽象概念,认知与抽象名词,,,
366,interest,490,核心高频,兴趣,情感心理,,,,
367,drive,490,核心高频,驾驶、驱使,动作行为,身体动作,,,
368,issue,489,核心高频,问题、期刊、发布,动作行为,身体动作,the latest issue,,
369,produce,489,核心高频,生产,动作行为,身体动作,,,
370,complete,488,核心高频,完全地,动作行为,使动与影响,,,
371,under,487,核心高频,在…之下,空间地点,,,,
372,activity,485,核心高频,活跃、活动,运动娱乐,,,,
373,national,481,核心高频,国家的,政治法律,,,,
374,brain,481,核心高频,大脑,人类与社会,,,,
375,level,481,核心高频,水平、等级,抽象概念,数量与程度,,,
376,able,479,核心高频,有能力的,抽象概念,性质与评价,,,
377,run,477,核心高频,跑步、运转,动作行为,身体动作,run a business,,
378,past,476,核心高频,过去的,时间日期,,,,
379,win,476,核心高频,赢,动作行为,占有与转移,,,
380,present,474,核心高频,呈现、提出、礼物、现在,时间日期,,present an argument,,
381,quality,474,核心高频,质量,抽象概念,认知与抽象名词,,,
382,difficult,473,核心高频,困难的,抽象概念,性质与评价,,,
383,easy,470,核心高频,容易的,抽象概念,性质与评价,,,
384,tend,469,核心高频,趋向于、照料,动作行为,身体动作,,,
385,reduce,469,核心高频,减少,动作行为,身体动作,,,
386,five,467,核心高频,五,时间日期,,,,
387,expect,463,核心高频,预料、期待,动作行为,身体动作,,,
388,order,462,核心高频,订单、命令、顺序,动作行为,社交交互,social order,,
389,law,459,核心高频,法律、法则,政治法律,,,,
390,environment,459,核心高频,环境、自然环境,自然环境,,,,
391,paper,458,核心高频,纸、试卷,教育学习,,,,
392,mind,457,核心高频,思维、想法,动作行为,心理活动,,,
393,kid,457,核心高频,孩子,人类与社会,,,,
394,economy,454,核心高频,经济,商业经济,,,,
395,percent,454,核心高频,百分之的,商业经济,,,,
396,sleep,454,核心高频,睡眠,健康医疗,,,,
397,recent,453,核心高频,近来的,时间日期,,,,
398,half,450,核心高频,一半,抽象概念,数量与程度,,,
399,close,448,核心高频,关闭、近,动作行为,起始与终止,,,
400,attention,445,核心高频,注意,情感心理,,,,
401,poor,445,核心高频,贫穷的、可怜的、糟糕的,抽象概念,性质与评价,,,
402,free,445,核心高频,自由的,抽象概念,性质与评价,,,
403,body,442,核心高频,身体,人类与社会,,,,
404,measure,441,核心高频,衡量、测量,动作行为,评价与判断,,,
405,office,441,核心高频,办公室,职业工作,,,,
406,travel,441,核心高频,旅行,交通旅行,,,,
407,major,440,核心高频,主要的,抽象概念,性质与评价,,,
408,professor,440,核心高频,教授,职业工作,,,,
409,natural,439,核心高频,自然的,自然环境,,,,
410,remain,438,核心高频,保持,动作行为,其他动作,,,
411,though,435,核心高频,尽管,抽象概念,逻辑与关系,,,
412,next,434,核心高频,下一个,时间日期,,,,
413,design,430,核心高频,设计,动作行为,其他动作,,,
414,history,429,核心高频,历史,时间日期,,,,
415,nation,428,核心高频,国家,空间地点,,,,
416,real,426,核心高频,真的,抽象概念,性质与评价,,,
417,almost,425,核心高频,几乎,时间日期,,,,
418,customer,424,核心高频,顾客,商业经济,,,,
419,subject,424,核心高频,科目,教育学习,,be subject to change,,
420,ago,422,核心高频,以前,时间日期,,,,
421,focus,419,核心高频,聚焦、焦点,动作行为,心理活动,,,
422,local,419,核心高频,当地的,空间地点,,,,
423,really,418,核心高频,确实,抽象概念,数量与程度,,,
424,certain,417,核心高频,确定的,抽象概念,性质与评价,,,
425,ever,417,核心高频,从来,时间日期,,,,
426,success,417,核心高频,成功,抽象概念,认知与抽象名词,,,
427,late,416,核心高频,晚的,时间日期,,,,
428,true,414,核心高频,真实,抽象概念,性质与评价,,,
429,name,412,核心高频,名称、命名,人类与社会,,,,
430,knowledge,412,核心高频,知识,教育学习,,,,
431,stress,411,核心高频,压力,动作行为,身体动作,,,
432,matter,411,核心高频,事情、问题、重要,动作行为,身体动作,it matters little,,
433,involve,410,核心高频,涉及,动作行为,身体动作,,,
434,raise,410,核心高频,举起、提出,动作行为,身体动作,,raize,
435,identify,410,核心高频,识别、鉴定,动作行为,身体动作,identify with 认同,,
436,stay,404,核心高频,保持、停留,动作行为,起始与终止,,,
437,population,402,核心高频,人口,人类与社会,,,,
438,risk,402,核心高频,风险,动作行为,其他动作,,,
439,medium,401,核心高频,中等的、媒介,科学技术,,,,
440,lack,400,核心高频,缺乏,动作行为,占有与转移,,,
441,strong,400,核心高频,强壮的、强烈的,抽象概念,性质与评价,,,
442,fill,400,核心高频,填,动作行为,其他动作,,,
443,patient,399,核心高频,有耐心的、病人,健康医疗,,,,
444,rule,397,核心高频,规则,动作行为,社交交互,,,
445,until,397,核心高频,直到,时间日期,,,,
446,continue,396,核心高频,继续,动作行为,身体动作,,,
447,receive,396,核心高频,收到,动作行为,社交交互,,,
448,already,395,核心高频,已经,时间日期,,,,
449,record,395,核心高频,记录,动作行为,身体动作,,,
450,employee,395,核心高频,雇工,职业工作,,,employe,
451,sell,394,核心高频,卖,商业经济,,,,
452,note,393,核心高频,笔记,动作行为,身体动作,,,
453,month,393,核心高频,月,时间日期,,,,
454,community,392,核心高频,社区、共同体,人类与社会,,,,
455,demand,391,核心高频,要求,动作行为,占有与转移,,,
456,personal,391,核心高频,个人的,人类与社会,,,,
457,instead,390,核心高频,反而,抽象概念,逻辑与关系,,,
458,challenge,389,核心高频,挑战,动作行为,社交交互,,,
459,store,389,核心高频,存储、商店,商业经济,,,,
460,check,388,核心高频,检查,动作行为,评价与判断,,cheque,
461,deal,387,核心高频,处理,动作行为,占有与转移,,,
462,opportunity,387,核心高频,机会,时间日期,,,,
463,relationship,387,核心高频,关系,人类与社会,,,,
464,list,386,核心高频,清单,教育学习,,,,
465,usually,386,核心高频,通常、平常,时间日期,,,,
466,average,385,核心高频,平均的,抽象概念,数量与程度,,,
467,although,384,核心高频,尽管,抽象概念,逻辑与关系,,,
468,eye,384,核心高频,眼睛,人类与社会,,,,
469,break,384,核心高频,打破,动作行为,身体动作,,,
470,fast,383,核心高频,快,抽象概念,性质与评价,,,
471,common,382,核心高频,普通的,抽象概念,性质与评价,,,
472,condition,382,核心高频,条件、情况,抽象概念,认知与抽象名词,,,
473,behavior,381,核心高频,行为,情感心理,,,behaviour,
474,global,381,核心高频,全球的,抽象概念,性质与评价,,,
475,within,379,核心高频,内部,空间地点,,,,
476,difference,379,核心高频,不同,抽象概念,认知与抽象名词,,,
477,light,378,核心高频,点亮、轻的,科学技术,,,,
478,growth,374,核心高频,生长,科学技术,,,,
479,shop,374,核心高频,购物,日常生活,,,,
480,meet,374,核心高频,遇见、会见,动作行为,使动与影响,,,
481,concern,373,核心高频,关心、涉及,动作行为,身体动作,a going concern,,
482,task,373,核心高频,任务,教育学习,,,,
483,scientific,371,核心高频,科学的、细致严谨的,科学技术,,,,
484,effort,371,核心高频,努力,动作行为,身体动作,,,
485,plant,369,核心高频,植物、工厂,自然环境,,a manufacturing plant,,
486,encourage,366,核心高频,鼓励、发展,动作行为,使动与影响,,encorage,
487,career,364,核心高频,职业,职业工作,,,,
488,fail,363,核心高频,衰退、破产,动作行为,变化趋势,,,
489,influence,362,核心高频,影响,动作行为,使动与影响,,,
490,avoid,362,核心高频,避免,动作行为,使动与影响,,,
491,music,361,核心高频,音乐,运动娱乐,,,,
492,add,360,核心高频,增加,动作行为,身体动作,,,
493,policy,358,核心高频,政策,政治法律,,,,
494,item,358,核心高频,物品、条款,抽象概念,认知与抽象名词,,,
495,force,357,核心高频,强迫、迫使,动作行为,身体动作,,,
496,member,356,核心高频,成员,人类与社会,,,,
497,explain,355,核心高频,解释,动作行为,社交交互,,,
498,translation,355,核心高频,翻译,教育学习,,,,
499,side,355,核心高频,一边,空间地点,,,,
500,enjoy,355,核心高频,享受,动作行为,占有与转移,,,
501,cut,355,核心高频,切、砍,动作行为,身体动作,,,
502,adult,353,核心高频,大人、成人,人类与社会,,,,
503,international,352,核心高频,国际的,空间地点,,,,
504,training,352,核心高频,训练,教育学习,,,,
505,general,352,核心高频,一般的、总的、将军,抽象概念,性质与评价,,,
506,nature,350,核心高频,自然界、性质,自然环境,,,,
507,type,350,核心高频,类型、输入,教育学习,,,,
508,doctor,349,核心高频,医生,职业工作,,,,
509,mother,349,核心高频,妈妈,人类与社会,,,,
510,situation,348,核心高频,情况,空间地点,,,,
511,several,348,核心高频,几个,抽象概念,数量与程度,,,
512,save,348,核心高频,保存、拯救,动作行为,占有与转移,,,
513,essay,347,核心高频,论文,教育学习,,,,
514,game,347,核心高频,游戏,运动娱乐,,,,
515,graduate,346,核心高频,毕业、获学位,教育学习,,,,
516,decade,345,核心高频,十年,时间日期,,,,
517,medical,345,核心高频,医疗的,健康医疗,,,,
518,miss,345,核心高频,错过、想念,动作行为,身体动作,,,
519,train,344,核心高频,列车、行列,动作行为,身体动作,,,
520,third,343,核心高频,第三,时间日期,,,,
521,interview,343,核心高频,采访、面试,动作行为,其他动作,,,
522,stop,342,核心高频,阻止,动作行为,身体动作,,,
523,financial,340,核心高频,财政的,商业经济,,,,
524,reach,340,核心高频,到达、达到,动作行为,身体动作,,,
525,professional,338,核心高频,职业的、专业的,职业工作,,,,
526,sign,338,核心高频,标牌,动作行为,其他动作,,,
527,earth,337,核心高频,地球、泥土,自然环境,,,,
528,project,334,核心高频,项目、计划,动作行为,身体动作,project an image,,
529,generation,333,核心高频,产生、一代人,人类与社会,,,,
530,standard,333,核心高频,标准,抽象概念,认知与抽象名词,,,
531,war,333,核心高频,战争,政治法律,,,,
532,story,333,核心高频,故事,文化宗教,,a front-page story,storey,
533,rich,333,核心高频,丰富的,商业经济,,,,
534,later,332,核心高频,后来、其后,时间日期,,,,
535,again,332,核心高频,再次,时间日期,,,,
536,air,331,核心高频,空气,自然环境,,,,
537,night,331,核心高频,夜晚,时间日期,,,,
538,contain,331,核心高频,包含,动作行为,使动与影响,,,
539,main,330,核心高频,主要的,抽象概念,性质与评价,,,
540,soon,329,核心高频,很快的,时间日期,,,,
541,sound,329,核心高频,声音,动作行为,其他动作,a sound argument,,
542,love,329,核心高频,爱,情感心理,,,,
543,account,328,核心高频,账户,商业经济,,,,
544,return,328,核心高频,回归、返回,动作行为,社交交互,,,
545,affect,328,核心高频,影响,动作行为,使动与影响,,,
546,translate,327,核心高频,解释、翻译、转变,动作行为,其他动作,,,
547,sure,327,核心高频,肯定的,抽象概念,性质与评价,,,
548,describe,326,核心高频,描述,动作行为,身体动作,,,
549,purpose,325,核心高频,目的,抽象概念,认知与抽象名词,,,
550,full,325,核心高频,满的,抽象概念,数量与程度,,,
551,room,325,核心高频,房间,日常生活,,,,
552,appear,323,核心高频,出现,动作行为,变化趋势,,,
553,impact,322,核心高频,冲击,抽象概念,认知与抽象名词,,,
554,period,320,核心高频,一段时间,时间日期,,,,
555,television,319,核心高频,电视,日常生活,,,,
556,quite,319,核心高频,相当的,抽象概念,数量与程度,,,
557,position,318,核心高频,位置,空间地点,,,,
558,attitude,317,核心高频,态度,情感心理,,,,
559,machine,317,核心高频,机器,科学技术,,,,
560,clear,316,核心高频,清楚的,抽象概念,性质与评价,,,
561,field,316,核心高频,田地、场地、领域,自然环境,,,,
562,pass,315,核心高频,经过,动作行为,身体动作,,,
563,below,314,核心高频,在…下面,空间地点,,,,
564,here,314,核心高频,这里,空间地点,,,,
565,communication,314,核心高频,沟通,科学技术,,,,
566,protect,314,核心高频,保护,动作行为,社交交互,,,
567,performance,312,核心高频,表演,运动娱乐,,,,
568,lecture,312,核心高频,讲座,教育学习,,,,
569,factor,311,核心高频,因素、因子,抽象概念,认知与抽象名词,,,
570,top,311,核心高频,顶端,空间地点,,,,
571,firm,310,核心高频,牢固的,抽象概念,性质与评价,an insurance firm,,
572,draw,310,核心高频,画画,动作行为,身体动作,,,
573,memory,310,核心高频,记忆,情感心理,,,,
574,whole,310,核心高频,全部的,抽象概念,数量与程度,,,
575,writer,308,核心高频,作家,职业工作,,,,
576,watch,308,核心高频,观看,动作行为,身体动作,,,
577,death,307,核心高频,死亡,健康医疗,,,,
578,white,307,核心高频,白色的,交通旅行,,,,
579,academic,307,核心高频,学术的,教育学习,,,,
580,bear,306,核心高频,携带、承受,动作行为,其他动作,,,
581,importance,306,核心高频,重要性,抽象概念,认知与抽象名词,,,
582,decline,305,核心高频,拒绝、下降,动作行为,变化趋势,a sharp decline,,
583,claim,305,核心高频,索要、声称,动作行为,占有与转移,,,
584,model,305,核心高频,模型,教育学习,,,,
585,wrong,305,核心高频,错误的,抽象概念,性质与评价,,,
586,expert,304,核心高频,专家、专门的,职业工作,,,,
587,carry,302,核心高频,携带,动作行为,身体动作,,,
588,act,302,核心高频,行为、行动、扮演,动作行为,身体动作,,,
589,send,302,核心高频,发送,动作行为,身体动作,,,
590,accept,299,核心高频,接受,动作行为,评价与判断,,,
591,potential,299,核心高频,潜在的,抽象概念,性质与评价,,,
592,degree,299,核心高频,温度、程度,抽象概念,数量与程度,,,
593,resource,299,核心高频,资源,自然环境,,,,
594,pause,298,核心高频,暂停,动作行为,起始与终止,,,
595,opinion,297,核心高频,意见,情感心理,,,,
596,income,297,核心高频,收入,商业经济,,,,
597,amount,297,核心高频,数量,商业经济,,,,
598,disease,296,核心高频,疾病,健康医疗,,,,
599,stand,295,核心高频,站立,动作行为,身体动作,,,
600,political,294,核心高频,政治的,政治法律,,,,
601,popular,294,核心高频,受欢迎的,情感心理,,,,
602,argue,293,核心高频,论述、争论、争吵,动作行为,社交交互,,,
603,physical,293,核心高频,自然科学的、肉体的,科学技术,,,,
604,team,293,核心高频,团队,人类与社会,,,,
605,action,291,核心高频,行动、行为,动作行为,其他动作,,,
606,material,290,核心高频,材料,科学技术,,,,
607,prove,289,核心高频,证明,动作行为,评价与判断,,,
608,compare,289,核心高频,比较,动作行为,评价与判断,,,
609,competition,287,核心高频,比赛,运动娱乐,,,,
610,nothing,287,核心高频,没有,抽象概念,数量与程度,,,
611,perhaps,286,核心高频,也许,抽象概念,数量与程度,,,
612,private,286,核心高频,私人的,人类与社会,,,,
613,please,286,核心高频,请、使愉快,情感心理,,,,
614,head,285,核心高频,前往,人类与社会,,,,
615,street,285,核心高频,街道,空间地点,,,,
616,available,284,核心高频,可行的,抽象概念,性质与评价,,,
617,current,284,核心高频,当前、电流、趋向,商业经济,,,,
618,boy,284,核心高频,男孩,人类与社会,,,,
619,goal,283,核心高频,目标,运动娱乐,,,,
620,loss,283,核心高频,丢失,抽象概念,认知与抽象名词,,,
621,evidence,283,核心高频,证据,抽象概念,认知与抽象名词,,,
622,together,283,核心高频,一共,抽象概念,逻辑与关系,,,
623,speed,283,核心高频,加速,动作行为,使动与影响,,,
624,middle,281,核心高频,中间的,空间地点,,,,
625,along,281,核心高频,沿着,空间地点,,,,
626,sale,280,核心高频,销售,商业经济,,,,
627,production,279,核心高频,生产,商业经济,,,,
628,grade,279,核心高频,年级,教育学习,,,,
629,visit,279,核心高频,参观、访问,动作行为,身体动作,,,
630,content,278,核心高频,内容、目录、满足的,抽象概念,认知与抽象名词,be content with,,
631,source,276,核心高频,来源,抽象概念,认知与抽象名词,,,
632,security,276,核心高频,安全,健康医疗,,,,
633,pressure,275,核心高频,压力,动作行为,身体动作,,,
634,gap,275,核心高频,间隙、分歧,抽象概念,认知与抽象名词,,,
635,across,275,核心高频,穿过,空间地点,,,,
636,let,275,核心高频,让,动作行为,身体动作,,,
637,depend,274,核心高频,依赖,动作行为,心理活动,,,
638,especially,274,核心高频,尤其,抽象概念,数量与程度,,,
639,modern,274,核心高频,现代的,时间日期,,,,
640,simply,274,核心高频,仅仅,抽象概念,数量与程度,,,
641,farm,274,核心高频,农场,自然环境,,,,
642,approach,273,核心高频,接近、方法,动作行为,其他动作,,,
643,correct,273,核心高频,更正、纠正,动作行为,评价与判断,,,
644,special,272,核心高频,特别的,抽象概念,性质与评价,,,
645,hope,272,核心高频,希望,情感心理,,,,
646,someone,272,核心高频,某人,人类与社会,,,,
647,speaker,272,核心高频,扬声器、说话人,职业工作,,,,
648,intelligence,271,核心高频,智力,情感心理,,,,
649,picture,271,核心高频,图片,运动娱乐,,,,
650,survey,271,核心高频,调查、测量,动作行为,身体动作,,,
651,everyone,270,核心高频,每人,人类与社会,,,,
652,event,270,核心高频,事件,时间日期,,,,
653,either,269,核心高频,两者之一,抽象概念,数量与程度,,,
654,step,268,核心高频,步骤,动作行为,身体动作,,,
655,habit,267,核心高频,习惯,情感心理,,,,
656,responsibility,267,核心高频,责任,情感心理,,,,
657,similar,267,核心高频,相似的,抽象概念,性质与评价,,,
658,necessary,266,核心高频,必要的,抽象概念,性质与评价,,,
659,chance,266,核心高频,机会,抽象概念,认知与抽象名词,,,
660,foreign,265,核心高频,国外的,空间地点,,,,
661,apply,265,核心高频,应用,动作行为,占有与转移,,,
662,father,265,核心高频,父亲,人类与社会,,,,
663,driver,264,核心高频,驾驶员,职业工作,,,,
664,oil,264,核心高频,油,科学技术,,,,
665,anything,264,核心高频,任何事,抽象概念,数量与程度,,,
666,access,264,核心高频,进入、存取,空间地点,,,,
667,sport,264,核心高频,体育运动,运动娱乐,,,,
668,exist,263,核心高频,存在,动作行为,其他动作,,,
669,advantage,262,核心高频,优势,抽象概念,认知与抽象名词,,,
670,newspaper,261,核心高频,报纸,教育学习,,,,
671,remember,261,核心高频,记得,动作行为,心理活动,,,
672,agree,261,核心高频,同意,动作行为,其他动作,,,
673,manager,261,核心高频,经理,职业工作,,,,
674,land,260,核心高频,着陆、土地,空间地点,,,,
675,solve,260,核心高频,解答,动作行为,其他动作,,,
676,function,259,核心高频,功能,科学技术,,,,
677,management,259,核心高频,经营、管理,职业工作,,,,
678,phrase,259,核心高频,短语,教育学习,,,,
679,experiment,258,核心高频,实验,科学技术,,,,
680,structure,258,核心高频,结构,抽象概念,认知与抽象名词,,,
681,everything,258,核心高频,每件事,抽象概念,数量与程度,,,
682,sit,258,核心高频,坐在,动作行为,身体动作,,,
683,seek,257,核心高频,寻求,动作行为,占有与转移,,,
684,message,257,核心高频,消息,情感心理,,,,
685,per,255,核心高频,每、经,抽象概念,逻辑与关系,,,
686,promote,255,核心高频,促进,动作行为,身体动作,promote growth,,
687,figure,254,核心高频,算计、人物、数字,抽象概念,认知与抽象名词,a public figure,,
688,road,254,核心高频,路,空间地点,,,,
689,limit,252,核心高频,限制,动作行为,使动与影响,,,
690,sometimes,252,核心高频,有时,时间日期,,,,
691,fear,251,核心高频,恐惧,情感心理,,,,
692,supply,251,核心高频,供应,动作行为,使动与影响,,,
693,argument,248,核心高频,争论、论据,政治法律,,the author's argument,,
694,relate,248,核心高频,讲述、使相互关联,动作行为,社交交互,,,
695,effective,248,核心高频,有效的,抽象概念,性质与评价,,,
696,prevent,247,核心高频,阻止,动作行为,社交交互,,,
697,pattern,246,核心高频,模式、图案,日常生活,,,,
698,baby,246,核心高频,宝贝,人类与社会,,,,
699,search,245,核心高频,搜索,动作行为,其他动作,,,
700,itself,245,核心高频,它自己,抽象概念,基础功能词,,,
701,response,245,核心高频,回应,情感心理,,,,
702,beyond,244,核心高频,超越,空间地点,,,,
703,regard,244,核心高频,看待,动作行为,身体动作,,,
704,reader,244,核心高频,读者、读物,教育学习,,,,
705,serious,244,核心高频,严肃认真的、严重的,情感心理,,,,
706,near,244,核心高频,近的、亲近的,空间地点,,,,
707,serve,243,核心高频,服务,动作行为,其他动作,,,
708,president,243,核心高频,总统,职业工作,,,,
709,climate,243,核心高频,气候,自然环境,,the economic climate,,
710,heart,243,核心高频,心,人类与社会,,,,
711,black,243,核心高频,黑色的,交通旅行,,,,
712,traffic,242,核心高频,交通,交通旅行,,,,
713,walk,242,核心高频,走路,动作行为,身体动作,,,
714,determine,241,核心高频,决定,动作行为,心理活动,,,
715,gain,241,核心高频,获得、增加,动作行为,身体动作,,,
716,speech,241,核心高频,演讲、言语,情感心理,,,,
717,award,241,核心高频,颁奖、奖励,文化宗教,,,,
718,prepare,240,核心高频,准备,动作行为,其他动作,,,
719,except,239,核心高频,除了……之外,抽象概念,逻辑与关系,,,
720,publish,238,核心高频,公布、出版,动作行为,其他动作,,,
721,digital,238,核心高频,数字的、数码的,科学技术,,,,
722,suffer,238,核心高频,遭受,动作行为,其他动作,,,
723,mental,237,核心高频,精神的,情感心理,,,,
724,positive,237,核心高频,积极的,抽象概念,性质与评价,,,
725,outside,236,核心高频,外面的,空间地点,,,,
726,party,236,核心高频,派对,政治法律,,a third party,,
727,dream,235,核心高频,梦想,情感心理,,,,
728,increasingly,235,核心高频,不断增加地,抽象概念,数量与程度,,,
729,trade,235,核心高频,交易,商业经济,,,,
730,contribute,235,核心高频,贡献,动作行为,身体动作,,,
731,drink,235,核心高频,喝,食物营养,,,,
732,therefore,233,核心高频,因此,抽象概念,逻辑与关系,,,
733,himself,233,核心高频,他自己、他本人,人类与社会,,,,
734,achieve,232,核心高频,实现,动作行为,起始与终止,,,
735,conflict,232,核心高频,冲突,动作行为,身体动作,,,
736,trouble,231,核心高频,麻烦,动作行为,使动与影响,,,
737,nearly,230,核心高频,几乎,抽象概念,数量与程度,,,
738,girl,230,核心高频,女孩,人类与社会,,,,
739,status,229,核心高频,状态,人类与社会,,,,
740,exercise,229,核心高频,锻炼,动作行为,社交交互,,exercize,
741,various,229,核心高频,各种各样的,抽象概念,性质与评价,,,
742,basic,228,核心高频,基本的、根本的,抽象概念,性质与评价,,,
743,fit,228,核心高频,健康的、适合,动作行为,社交交互,,,
744,above,228,核心高频,在…上面,空间地点,,,,
745,occur,228,核心高频,发生,动作行为,心理活动,,,
746,refer,228,核心高频,提及,动作行为,身体动作,,,
747,die,227,核心高频,死,动作行为,身体动作,,,
748,town,226,核心高频,城镇,空间地点,,,,
749,maintain,226,核心高频,保持、维持,动作行为,起始与终止,maintain that…,,
750,wait,226,核心高频,等待,动作行为,起始与终止,,,
751,failure,226,核心高频,失败,抽象概念,认知与抽象名词,,,
752,composition,226,核心高频,构成、作品、作词,教育学习,,,,
753,attend,226,核心高频,出席、照看,动作行为,心理活动,attend to details,,
754,critical,225,核心高频,批评的、关键的,情感心理,,a critical role,,
755,alone,224,核心高频,单独的、仅仅,情感心理,,,,
756,meeting,224,核心高频,会议,人类与社会,,,,
757,tax,223,核心高频,税、对……征税,商业经济,,,,
758,feature,223,核心高频,特征、容貌、以……为特色,人类与社会,,,,
759,express,222,核心高频,表达,动作行为,评价与判断,,,
760,shift,221,核心高频,转移、转换,动作行为,变化趋势,,,
761,hundred,221,核心高频,百、许多,时间日期,,,,
762,simple,221,核心高频,简单的,抽象概念,性质与评价,,,
763,successful,221,核心高频,成功的,抽象概念,性质与评价,,,
764,thousand,221,核心高频,一千,时间日期,,,,
765,theory,220,核心高频,理论,抽象概念,认知与抽象名词,,,
766,key,220,核心高频,钥匙、关键,科学技术,,,,
767,image,220,核心高频,形象、肖像,人类与社会,,,,
768,couple,220,核心高频,情侣、夫妻,人类与社会,,,,
769,whose,219,核心高频,谁的,人类与社会,,,,
770,catch,219,核心高频,抓住,动作行为,身体动作,,,
771,select,219,核心高频,选择,动作行为,评价与判断,,,
772,card,219,核心高频,卡片、纸牌,文化宗教,,,,
773,cover,218,核心高频,覆盖,动作行为,身体动作,,,
774,earn,218,核心高频,挣得,动作行为,占有与转移,,,
775,farmer,218,核心高频,农民,职业工作,,,,
776,trend,217,核心高频,趋势,动作行为,身体动作,,,
777,attract,217,核心高频,吸引,动作行为,身体动作,,,
778,clean,217,核心高频,干净的,动作行为,其他动作,,,
779,method,216,核心高频,方法,教育学习,,,,
780,promise,216,核心高频,承诺,动作行为,身体动作,,promize,
781,desire,216,核心高频,渴望,情感心理,,,,
782,lie,216,核心高频,谎话、说谎,动作行为,身体动作,,,
783,healthy,216,核心高频,健康的、有益健康的,健康医疗,,,,
784,rest,215,核心高频,休息,动作行为,身体动作,the rest of us,,
785,difficulty,215,核心高频,困难,抽象概念,认知与抽象名词,,,
786,network,215,核心高频,网络,科学技术,,,,
787,billion,214,核心高频,十亿、万亿,商业经济,,,,
788,detail,214,核心高频,细节,抽象概念,认知与抽象名词,,,
789,daily,214,核心高频,破晓、开始,时间日期,,,,
790,normal,214,核心高频,正常的,抽象概念,性质与评价,,,
791,reward,214,核心高频,回报、报酬,动作行为,其他动作,,,
792,post,214,核心高频,发布、张贴、邮寄,交通旅行,,,,
793,cook,214,核心高频,烹饪,食物营养,,,,
794,upon,213,核心高频,在…上面,空间地点,,,,
795,thus,212,核心高频,因此,抽象概念,逻辑与关系,,,
796,toward,212,核心高频,向、朝向,空间地点,,,,
797,discover,211,核心高频,探索、发现,动作行为,使动与影响,,,
798,behind,211,核心高频,在…后面,空间地点,,,,
799,introduce,211,核心高频,介绍,动作行为,身体动作,,,
800,else,211,核心高频,其他,抽象概念,逻辑与关系,,,
801,drop,211,核心高频,掉下,动作行为,身体动作,,,
802,device,211,核心高频,装置、方法,科学技术,,,,
803,court,210,核心高频,法庭、球场,政治法律,,,cort,
804,drug,210,核心高频,药,健康医疗,,,,
805,warm,210,核心高频,温暖,抽象概念,性质与评价,,,
806,range,210,核心高频,范围,抽象概念,认知与抽象名词,,,
807,solution,210,核心高频,解决方案,抽象概念,认知与抽象名词,,,
808,essential,209,核心高频,重要的,抽象概念,性质与评价,be essential to,,
809,particular,209,核心高频,特定的,抽象概念,性质与评价,,,
810,fashion,209,核心高频,时尚,交通旅行,,,,
811,indicate,209,核心高频,表明,动作行为,社交交互,indicate a trend,,
812,accident,209,核心高频,事故,交通旅行,,,,
813,slow,208,核心高频,慢的,抽象概念,性质与评价,,,
814,six,208,核心高频,六,时间日期,,,,
815,attach,208,核心高频,附上、附加,动作行为,身体动作,,,
816,respect,207,核心高频,尊重,动作行为,身体动作,in this respect,,
817,error,207,核心高频,错误,抽象概念,认知与抽象名词,,,
818,happy,207,核心高频,快乐的,情感心理,,,,
819,credit,207,核心高频,信用,商业经济,,take credit for,,
820,expensive,207,核心高频,贵的,商业经济,,,,
821,finish,207,核心高频,完成,动作行为,起始与终止,,,
822,deep,206,核心高频,深的,抽象概念,性质与评价,,,
823,bill,206,核心高频,账单,商业经济,,,,
824,fire,206,核心高频,火、开除,自然环境,,,,
825,site,204,核心高频,景点、站点,空间地点,,,,
826,moment,204,核心高频,时刻,时间日期,,,,
827,belief,204,核心高频,信仰、相信,情感心理,,,,
828,museum,204,核心高频,博物馆,文化宗教,,,,
829,finally,203,核心高频,最终地,抽象概念,数量与程度,,,
830,address,202,核心高频,演说、地址,日常生活,,address the issue,,
831,concept,202,核心高频,概念,抽象概念,认知与抽象名词,,,
832,crime,202,核心高频,犯罪,政治法律,,,,
833,damage,202,核心高频,损害,动作行为,使动与影响,,,
834,negative,201,核心高频,消极的,抽象概念,性质与评价,,,
835,size,201,核心高频,大小,抽象概念,数量与程度,,sise,
836,restaurant,201,核心高频,饭馆,食物营养,,,,
837,federal,200,核心高频,联邦的,政治法律,,,,
838,labor,199,核心高频,劳动力,职业工作,,cheap labor,labour,
839,progress,199,核心高频,进步,动作行为,变化趋势,,,
840,robot,198,核心高频,机器人,科学技术,,,,
841,movement,198,核心高频,运动,动作行为,其他动作,,,
842,weather,198,核心高频,天气,自然环境,,weather the storm,,
843,mistake,198,核心高频,错误,动作行为,心理活动,,,
844,infer,197,核心高频,推断,动作行为,身体动作,infer from,,
845,enter,197,核心高频,进入,动作行为,身体动作,,,
846,charge,197,核心高频,收费、索价、充电,商业经济,,in charge of；face charges,,
847,medicine,197,核心高频,医药,健康医疗,,,,
848,engage,196,核心高频,吸引、使参加,动作行为,使动与影响,,,
849,executive,195,核心高频,实行的、经理,职业工作,,,,
850,wide,195,核心高频,广泛的、宽的,抽象概念,性质与评价,,,
851,variety,195,核心高频,多样化、种类,抽象概念,认知与抽象名词,,,
852,race,195,核心高频,比赛、竞速,运动娱乐,,,,
853,object,195,核心高频,目标、物体,动作行为,社交交互,object to,,
854,manage,194,核心高频,管理、设法做到,动作行为,社交交互,,,
855,hospital,194,核心高频,医院,健康医疗,,,,
856,official,193,核心高频,官方的,职业工作,,,,
857,huge,193,核心高频,大的,抽象概念,数量与程度,,,
858,hire,192,核心高频,雇佣,动作行为,占有与转移,,,
859,hotel,192,核心高频,酒店,日常生活,,,,
860,treat,191,核心高频,对待,动作行为,其他动作,a real treat,,
861,perform,191,核心高频,演奏、执行,动作行为,使动与影响,,,
862,employer,191,核心高频,雇主,职业工作,,,,
863,literature,191,核心高频,文学,文化宗教,,scientific literature,,
864,profit,190,核心高频,利润,商业经济,,,,
865,article,190,核心高频,文章,教育学习,,an article of clothing,,
866,weight,190,核心高频,体重,科学技术,,,,
867,trip,190,核心高频,旅行,交通旅行,,,,
868,investment,189,核心高频,投资,商业经济,,,,
869,due,189,核心高频,预期的、到期的,抽象概念,性质与评价,,,
870,aspect,189,核心高频,样子、方面,抽象概念,认知与抽象名词,,,
871,wear,189,核心高频,穿着,动作行为,身体动作,,,
872,define,188,核心高频,定义,动作行为,评价与判断,,,
873,balance,188,核心高频,平衡,商业经济,,a trade balance,,
874,enable,188,核心高频,使能够,动作行为,使动与影响,,,
875,consumption,187,核心高频,消费、消耗,商业经济,,,,
876,character,187,核心高频,性格,人类与社会,,,,
877,crisis,187,核心高频,危机,政治法律,,,,
878,dollar,187,核心高频,美元,商业经济,,,,
879,green,187,核心高频,绿的、未熟的,交通旅行,,,,
880,immigrant,186,核心高频,移民,人类与社会,,,,
881,contact,186,核心高频,联系,动作行为,身体动作,,,
882,cold,186,核心高频,冷的,健康医疗,,,,
883,reality,185,核心高频,现实、真实的事物,抽象概念,认知与抽象名词,,,
884,department,185,核心高频,部门,政治法律,,,,
885,comment,184,核心高频,评论,动作行为,评价与判断,,,
886,board,184,核心高频,板,日常生活,,,,
887,consequence,184,核心高频,后果、结果,抽象概念,认知与抽象名词,,,
888,style,184,核心高频,风格,文化宗教,,,,
889,fight,184,核心高频,打斗,动作行为,身体动作,,,
890,advice,184,核心高频,建议,情感心理,,,,
891,meal,184,核心高频,饭,食物营养,,,,
892,worry,184,核心高频,担心,动作行为,其他动作,,,
893,tool,182,核心高频,工具,科学技术,,,,
894,waste,182,核心高频,浪费,动作行为,占有与转移,,,
895,predict,181,核心高频,预测,动作行为,其他动作,,,
896,despite,181,核心高频,尽管,抽象概念,逻辑与关系,,,
897,morning,181,核心高频,早晨,时间日期,,,,
898,operation,180,核心高频,运营、操作,科学技术,,,,
899,industrial,179,核心高频,工业的,商业经济,,,,
900,stage,179,核心高频,阶段,空间地点,,,,
901,kill,179,核心高频,杀,动作行为,使动与影响,,,
902,specific,178,核心高频,具体的、详细的,抽象概念,性质与评价,,,
903,highly,178,核心高频,高度地,抽象概念,数量与程度,,,
904,purchase,178,核心高频,购买,商业经济,,,,
905,director,178,核心高频,指挥者,职业工作,,,,
906,significant,177,核心高频,有意义的、重要的,抽象概念,性质与评价,,,
907,feeling,177,核心高频,感受,情感心理,,,,
908,replace,177,核心高频,替代,动作行为,其他动作,,,
909,yourself,177,核心高频,你自己、你亲自,人类与社会,,,,
910,print,177,核心高频,打印,科学技术,,,,
911,shape,177,核心高频,形状,动作行为,身体动作,,,
912,thirty,177,核心高频,三十,时间日期,,,,
913,ground,176,核心高频,地面、场所,空间地点,,,,
914,screen,176,核心高频,屏幕,日常生活,,,,
915,struggle,175,核心高频,斗争、奋斗,动作行为,其他动作,,,
916,lay,175,核心高频,放置、躺、位于、说谎,动作行为,其他动作,,,
917,sea,175,核心高频,大海,自然环境,,,,
918,forget,174,核心高频,忘记,动作行为,心理活动,,,
919,expand,174,核心高频,扩大,动作行为,使动与影响,,,
920,cross,174,核心高频,跨过、穿过,动作行为,身体动作,,,
921,multiple,174,核心高频,多种多样的、倍数,抽象概念,性质与评价,,,
922,wife,174,核心高频,妻子,人类与社会,,,,
923,intellectual,173,核心高频,知识分子、知识的,教育学习,,,,
924,fund,173,核心高频,资金,商业经济,,,,
925,conduct,173,核心高频,实施、开展,动作行为,身体动作,,,
926,direct,173,核心高频,径直的、直接的,动作行为,社交交互,,,
927,ensure,173,核心高频,确保,动作行为,使动与影响,,,
928,safety,173,核心高频,安全,健康医疗,,,,
929,region,173,核心高频,地区,空间地点,,,,
930,tourist,173,核心高频,旅行者,交通旅行,,,,
931,legal,172,核心高频,法律的、合法的,政治法律,,,,
932,link,172,核心高频,连接,动作行为,身体动作,,,
933,reflect,172,核心高频,反射、反映、思考,动作行为,身体动作,reflect on,,
934,aim,172,核心高频,目标,动作行为,其他动作,,,
935,husband,172,核心高频,丈夫,人类与社会,,,,
936,underline,171,核心高频,下划线、强调,动作行为,其他动作,,,
937,worth,171,核心高频,值得,抽象概念,认知与抽象名词,,,
938,freedom,170,核心高频,自由,政治法律,,,,
939,suppose,170,核心高频,假设,动作行为,心理活动,,,
940,reveal,170,核心高频,显露、展现,动作行为,社交交互,reveal that…,,
941,poverty,170,核心高频,贫穷,商业经济,,,,
942,advance,169,核心高频,前进、提高,动作行为,身体动作,,,
943,south,169,核心高频,南、南方的,空间地点,,,,
944,smoke,169,核心高频,烟,自然环境,,,,
945,practical,169,核心高频,实际的,抽象概念,性质与评价,,,
946,male,168,核心高频,男性、男性的,人类与社会,,,,
947,commercial,168,核心高频,商业的,商业经济,,,,
948,peer,168,核心高频,凝视、同伴、贵族,人类与社会,,,,
949,attack,168,核心高频,攻击,动作行为,身体动作,,,
950,holiday,168,核心高频,假日,时间日期,,,,
951,limited,167,核心高频,有限的、有限责任的,抽象概念,性质与评价,,,
952,push,167,核心高频,推,动作行为,身体动作,,,
953,twenty,167,核心高频,二十,时间日期,,,,
954,police,167,核心高频,警察,政治法律,,,,
955,film,167,核心高频,电影,运动娱乐,,,,
956,review,166,核心高频,复习、回顾、评论,动作行为,评价与判断,,,
957,attempt,166,核心高频,试图、企图,动作行为,身体动作,,,
958,wealth,166,核心高频,财富,商业经济,,,,
959,associate,166,核心高频,联系、结交,动作行为,心理活动,,,
960,prefer,166,核心高频,偏好,动作行为,其他动作,,,
961,title,165,核心高频,标题,教育学习,,,,
962,creative,165,核心高频,有创造力的,情感心理,,,,
963,trust,164,核心高频,信任,动作行为,身体动作,,,
964,ill,163,核心高频,有病的、坏的,健康医疗,,,,
965,box,163,核心高频,盒子,日常生活,,,,
966,cry,163,核心高频,哭泣,动作行为,身体动作,,,
967,hardly,162,核心高频,几乎不、仅仅,抽象概念,数量与程度,,,
968,responsible,162,核心高频,应负责的、可靠的,情感心理,,,,
969,track,162,核心高频,追踪、足迹、痕迹,动作行为,身体动作,,,
970,warn,162,核心高频,警告,动作行为,社交交互,,,
971,total,162,核心高频,总共的,抽象概念,数量与程度,,,
972,derive,162,核心高频,取得,动作行为,占有与转移,,,
973,china,162,核心高频,瓷器,日常生活,,,,
974,textbook,162,核心高频,课本,教育学习,,,,
975,extra,161,核心高频,额外的,抽象概念,数量与程度,,,
976,electronic,161,核心高频,电子的,科学技术,,,,
977,ignore,161,核心高频,忽视,动作行为,其他动作,,,
978,survive,161,核心高频,幸存,动作行为,其他动作,,,
979,bird,161,核心高频,鸟,自然环境,,,,
980,heavy,161,核心高频,重的,抽象概念,性质与评价,,,
981,fuel,160,核心高频,燃料,科学技术,,,,
982,magazine,160,核心高频,杂志,教育学习,,,,
983,summer,160,核心高频,夏天、夏季的,时间日期,,,,
984,complex,159,核心高频,复杂的,抽象概念,性质与评价,an inferiority complex,,
985,danger,159,核心高频,危险,健康医疗,,,,
986,piece,159,核心高频,（一）件、碎片,日常生活,,,,
987,option,159,核心高频,选项,抽象概念,认知与抽象名词,,,
988,throughout,159,核心高频,遍及、到处,空间地点,,,,
989,library,159,核心高频,图书馆,教育学习,,,,
990,mention,158,核心高频,提及,动作行为,身体动作,,,
991,institution,158,核心高频,机构,政治法律,,,,
992,appeal,157,核心高频,呼吁、吸引,动作行为,身体动作,,,
993,background,157,核心高频,背景,人类与社会,,,,
994,colleague,157,核心高频,同事,职业工作,,,,
995,intend,156,核心高频,想要（做某事）,动作行为,身体动作,,,
996,strategy,156,核心高频,策略,政治法律,,,,
997,paint,156,核心高频,绘画,运动娱乐,,,,
998,exact,156,核心高频,确切的、特定的,抽象概念,性质与评价,,,
999,journal,155,核心高频,日记,教育学习,,,,
1000,grant,155,核心高频,同意、授予,动作行为,身体动作,,,
1001,factory,155,核心高频,工厂,商业经济,,,,
1002,authority,155,核心高频,权力、权威人士,政治法律,,,,
1003,association,155,核心高频,协会,文化宗教,,,,
1004,tree,155,核心高频,树、爬上树,自然环境,,,,
1005,arrive,155,核心高频,到、达到,动作行为,起始与终止,,,
1006,ready,155,核心高频,准备好的,抽象概念,性质与评价,,,
1007,cheap,155,核心高频,便宜的、不值钱的,商业经济,,,,
1008,patent,154,核心高频,专利、专利的,科学技术,,,,
1009,flight,154,核心高频,航班,交通旅行,,,,
1010,spread,154,核心高频,传播,动作行为,身体动作,,,
1011,expense,154,核心高频,花费,商业经济,,,,
1012,famous,154,核心高频,有名的,情感心理,,,,
1013,indeed,153,核心高频,确实,抽象概念,数量与程度,,,
1014,establish,153,核心高频,建立、查实,动作行为,身体动作,establish a link between,,
1015,observe,153,核心高频,观察,动作行为,心理活动,observe the rules,,
1016,chief,153,核心高频,首领、主要的,职业工作,,,,
1017,safe,153,核心高频,安全的,健康医疗,,,,
1018,nor,153,核心高频,也不,抽象概念,逻辑与关系,,,
1019,foot,153,核心高频,脚、走,人类与社会,,,,
1020,debate,152,核心高频,讨论,政治法律,,,,
1021,agency,152,核心高频,机构,商业经济,,,,
1022,educate,152,核心高频,教育,动作行为,社交交互,,,
1023,compete,152,核心高频,竞争,动作行为,社交交互,,,
1024,wish,152,核心高频,希望,动作行为,身体动作,,,
1025,staff,152,核心高频,员工,职业工作,,,,
1026,adapt,151,核心高频,改编、适应,动作行为,身体动作,,,
1027,boss,151,核心高频,老板,职业工作,,,,
1028,unless,150,核心高频,除非,抽象概念,逻辑与关系,,,
1029,unemployment,150,核心高频,失业,商业经济,,,,
1030,fix,150,核心高频,固定、修理,动作行为,身体动作,,,
1031,scale,149,核心高频,规模、刻度、天平,抽象概念,认知与抽象名词,,,
1032,possibility,149,核心高频,可能、可能的事,抽象概念,认知与抽象名词,,,
1033,application,149,核心高频,应用、申请,教育学习,,,,
1034,participant,149,核心高频,参与者,人类与社会,,,,
1035,union,148,核心高频,一致、联合,政治法律,,,,
1036,threat,148,核心高频,威胁,动作行为,社交交互,,,
1037,emotion,148,核心高频,情感,情感心理,,,,
1038,western,148,核心高频,西方的,空间地点,,,,
1039,marriage,148,核心高频,结婚、结婚仪式,人类与社会,,,,
1040,capacity,147,核心高频,容量、能力、生产力,抽象概念,认知与抽象名词,,,
1041,score,147,核心高频,分数,动作行为,其他动作,,,
1042,obvious,147,核心高频,明显的,抽象概念,性质与评价,,,
1043,relation,147,核心高频,关系,人类与社会,,,,
1044,lesson,147,核心高频,课、教训,教育学习,,,,
1045,passenger,147,核心高频,乘客,交通旅行,,,,
1046,represent,147,核心高频,代表,动作行为,身体动作,,,
1047,mile,147,核心高频,英里,科学技术,,,,
1048,regular,147,核心高频,定期的、常规的,抽象概念,性质与评价,,,
1049,adopt,147,核心高频,采用、收养,动作行为,其他动作,,,
1050,voice,147,核心高频,声音,动作行为,社交交互,,,
1051,movie,147,核心高频,电影,运动娱乐,,,,
1052,characteristic,146,核心高频,特征、独有的,抽象概念,认知与抽象名词,,,
1053,join,146,核心高频,参加,动作行为,使动与影响,,,
1054,operate,146,核心高频,运转、动手术,动作行为,身体动作,,,
1055,pollution,146,核心高频,污染,自然环境,,,,
1056,discuss,146,核心高频,讨论,动作行为,社交交互,,,
1057,extend,145,核心高频,延伸、延展,动作行为,身体动作,,,
1058,appropriate,145,核心高频,恰当的,抽象概念,性质与评价,,,
1059,match,145,核心高频,比赛、匹配,动作行为,身体动作,,,
1060,date,145,核心高频,日期,时间日期,,,,
1061,ancient,145,核心高频,古老的,时间日期,,,,
1062,majority,144,核心高频,多数、半数以上,抽象概念,数量与程度,,,
1063,wonder,144,核心高频,好奇、奇观,动作行为,心理活动,,,
1064,forest,144,核心高频,森林,自然环境,,,,
1065,unique,144,核心高频,独特的,抽象概念,性质与评价,,,
1066,finding,144,核心高频,发现、调查结果,抽象概念,认知与抽象名词,,,
1067,gas,144,核心高频,气体、天然气,科学技术,,,,
1068,separate,144,核心高频,分开,动作行为,变化趋势,,,
1069,audience,144,核心高频,观众,文化宗教,,,,
1070,station,144,核心高频,车站,空间地点,,,,
1071,carbon,143,核心高频,碳、复写纸,科学技术,,,,
1072,female,143,核心高频,女性、雌性,人类与社会,,,,
1073,conclude,143,核心高频,总结,动作行为,起始与终止,,,
1074,employ,143,核心高频,雇佣、采用,动作行为,使动与影响,,,
1075,conclusion,143,核心高频,总结,抽象概念,认知与抽象名词,,,
1076,moral,142,核心高频,道德的,情感心理,,,,
1077,expression,142,核心高频,表达、措词,抽象概念,认知与抽象名词,,,
1078,wall,142,核心高频,墙壁,日常生活,,,,
1079,temperature,142,核心高频,温度,健康医疗,,,,
1080,principle,141,核心高频,原则,抽象概念,认知与抽象名词,,,
1081,acquire,141,核心高频,获得,动作行为,占有与转移,,,
1082,mail,141,核心高频,邮件,交通旅行,,,,
1083,consume,141,核心高频,消耗、耗尽,动作行为,占有与转移,,,
1084,aware,141,核心高频,意识的,情感心理,,,,
1085,owner,141,核心高频,物主,人类与社会,,,,
1086,classroom,141,核心高频,教室,教育学习,,,,
1087,campus,141,核心高频,校园,教育学习,,,,
1088,pain,140,核心高频,痛苦,健康医疗,,,,
1089,aid,140,核心高频,援助,动作行为,身体动作,,,
1090,doubt,139,核心高频,怀疑,情感心理,,,,
1091,ice,139,核心高频,冰、使结冰,自然环境,,,,
1092,cell,139,核心高频,细胞,健康医疗,,,,
1093,confidence,139,核心高频,信任,情感心理,,,,
1094,imagine,139,核心高频,想象,动作行为,心理活动,,,
1095,taste,139,核心高频,口味,动作行为,身体动作,,,
1096,resident,139,核心高频,居民、居住的,人类与社会,,,,
1097,equal,138,核心高频,平等的,抽象概念,性质与评价,,,
1098,senior,138,核心高频,年长的、资格老的,人类与社会,,,,
1099,dinner,138,核心高频,正餐,食物营养,,,,
1100,innovation,137,核心高频,革新、新方法,科学技术,,,,
1101,pick,137,核心高频,挑,动作行为,评价与判断,,,
1102,overall,137,核心高频,全面的、总体上,抽象概念,性质与评价,,,
1103,succeed,137,核心高频,成功、接替,动作行为,占有与转移,succeed to the throne,,
1104,strike,137,核心高频,击打,动作行为,身体动作,,,
1105,examine,137,核心高频,检查,动作行为,评价与判断,,,
1106,instruction,137,核心高频,指令、教导,教育学习,,,,
1107,cancer,136,核心高频,癌症,健康医疗,,,,
1108,judge,136,核心高频,判断,职业工作,,,,
1109,divide,136,核心高频,划分,动作行为,变化趋势,,,
1110,rely,136,核心高频,依靠,动作行为,其他动作,,,
1111,former,136,核心高频,以前的、前者,抽象概念,性质与评价,,,
1112,instance,136,核心高频,例子,抽象概念,认知与抽象名词,,,
1113,release,136,核心高频,释放、解除,动作行为,其他动作,,,
1114,front,136,核心高频,前面的,空间地点,,,,
1115,harm,136,核心高频,伤害,动作行为,使动与影响,,,
1116,partner,136,核心高频,伙伴,人类与社会,,,,
1117,floor,136,核心高频,地面,日常生活,,,,
1118,imply,135,核心高频,暗示,动作行为,其他动作,imply that…；implication n.,,
1119,remove,135,核心高频,移除,动作行为,身体动作,,,
1120,tradition,135,核心高频,传统,文化宗教,,,,
1121,radio,135,核心高频,收音机,科学技术,,,,
1122,vocabulary,135,核心高频,词汇,教育学习,,,,
1123,hunt,135,核心高频,打猎,动作行为,身体动作,,,
1124,clock,135,核心高频,时钟、计时,时间日期,,,,
1125,assume,134,核心高频,假设、揣测,动作行为,身体动作,assume responsibility；assumption n.,,
1126,invite,134,核心高频,邀请,动作行为,社交交互,,,
1127,collect,134,核心高频,收集,动作行为,身体动作,,,
1128,campaign,134,核心高频,运动、战役,政治法律,,,,
1129,native,134,核心高频,本地的、天生的,人类与社会,,,,
1130,interesting,134,核心高频,有趣的,情感心理,,,,
1131,shortage,134,核心高频,不足,抽象概念,认知与抽象名词,,,
1132,reform,133,核心高频,改革,动作行为,变化趋势,,,
1133,corporate,133,核心高频,公司的、法人的,商业经济,,,,
1134,powerful,133,核心高频,强有力的,抽象概念,性质与评价,,,
1135,central,133,核心高频,中心的,空间地点,,,,
1136,efficiency,133,核心高频,效率,抽象概念,认知与抽象名词,,,
1137,gender,133,核心高频,性别,人类与社会,,,,
1138,dangerous,133,核心高频,危险的,健康医疗,,,,
1139,urban,133,核心高频,城市的,空间地点,,,,
1140,emerge,132,核心高频,出现,动作行为,身体动作,emerge as；emerging markets,,
1141,sort,132,核心高频,种类、排序,动作行为,身体动作,,,
1142,enhance,132,核心高频,提高,动作行为,身体动作,enhance efficiency,,
1143,round,132,核心高频,圆的,抽象概念,性质与评价,,,
1144,connect,132,核心高频,连接,动作行为,身体动作,,,
1145,forward,132,核心高频,前进的,空间地点,,,,
1146,handle,132,核心高频,处理,动作行为,身体动作,,,
1147,debt,132,核心高频,债务,商业经济,,,,
1148,diet,132,核心高频,饮食,食物营养,,,,
1149,connection,132,核心高频,联系,抽象概念,认知与抽象名词,,connexion,
1150,color,132,核心高频,颜色,交通旅行,,,colour,
1151,door,132,核心高频,门,日常生活,,,,
1152,hot,131,核心高频,热的,抽象概念,性质与评价,,,
1153,personality,131,核心高频,人格,情感心理,,,,
1154,eventually,131,核心高频,最终,时间日期,,,,
1155,manufacture,131,核心高频,制造、捏造,商业经济,,,,
1156,ocean,131,核心高频,海洋,自然环境,,,,
1157,north,131,核心高频,北、北方的,空间地点,,,,
1158,chemical,131,核心高频,化学的,科学技术,,,,
1159,afford,131,核心高频,承担得起,动作行为,占有与转移,,,
1160,sugar,131,核心高频,糖,食物营养,,,,
1161,apple,131,核心高频,苹果,食物营养,,,,
1162,noise,130,核心高频,噪音,自然环境,,,noize,
1163,employment,130,核心高频,雇用、工作,职业工作,,,,
1164,advocate,130,核心高频,主张、倡议,动作行为,身体动作,advocate doing sth.,,
1165,mass,130,核心高频,大量,抽象概念,数量与程度,,,
1166,contrast,130,核心高频,形成对比,抽象概念,认知与抽象名词,,,
1167,ideal,130,核心高频,理想的、空想的,抽象概念,性质与评价,,,
1168,west,130,核心高频,西、向西,空间地点,,,,
1169,vehicle,130,核心高频,交通工具,交通旅行,,,,
1170,inside,130,核心高频,在里面,空间地点,,,,
1171,respond,129,核心高频,回答、响应,动作行为,社交交互,,,
1172,seven,129,核心高频,七,抽象概念,数量与程度,,,
1173,gift,129,核心高频,礼物,商业经济,,,,
1174,artist,129,核心高频,艺术家,职业工作,,,,
1175,double,129,核心高频,双的、使加倍,抽象概念,数量与程度,,,
1176,novel,129,核心高频,新颖的、长篇小说,文化宗教,,a novel idea,,
1177,page,129,核心高频,页码,教育学习,,,,
1178,park,129,核心高频,停车、公园,自然环境,,,,
1179,largely,128,核心高频,大量地,抽象概念,数量与程度,,,
1180,cent,128,核心高频,分(货币单位),商业经济,,,,
1181,analysis,128,核心高频,分析,抽象概念,认知与抽象名词,,,
1182,outline,128,核心高频,轮廓、提纲,动作行为,身体动作,,,
1183,citizen,128,核心高频,公民,人类与社会,,,,
1184,code,128,核心高频,代码、法典,科学技术,,,,
1185,strength,128,核心高频,力量,抽象概念,认知与抽象名词,,,
1186,display,128,核心高频,陈列、显示,动作行为,评价与判断,,,
1187,advanced,128,核心高频,高级的,抽象概念,性质与评价,,,
1188,son,128,核心高频,儿子、孩子,人类与社会,,,,
1189,sun,127,核心高频,太阳,自然环境,,,,
1190,whom,127,核心高频,谁、哪个人,人类与社会,,,,
1191,budget,127,核心高频,预算、做预算,商业经济,,,,
1192,smart,127,核心高频,聪明的,情感心理,,,,
1193,manner,126,核心高频,礼貌、礼仪、方式,情感心理,,,,
1194,explore,126,核心高频,探索,动作行为,评价与判断,,,
1195,estimate,126,核心高频,估计,动作行为,评价与判断,,,
1196,whatever,126,核心高频,无论什么,抽象概念,逻辑与关系,,,
1197,crop,126,核心高频,作物、收成,自然环境,,,,
1198,brand,126,核心高频,品牌,商业经济,,,,
1199,launch,126,核心高频,发射、使船下水,动作行为,使动与影响,,,
1200,agriculture,126,核心高频,农业,科学技术,,,,
1201,scan,126,核心高频,扫描,动作行为,身体动作,,,
1202,regulation,125,核心高频,规定,抽象概念,认知与抽象名词,,,
1203,nurse,125,核心高频,护士、护理,职业工作,,,,
1204,expose,125,核心高频,暴露,动作行为,使动与影响,,,
1205,being,125,核心高频,生物、生存,人类与社会,,,,
1206,truth,125,核心高频,真相,抽象概念,认知与抽象名词,,,
1207,distance,125,核心高频,距离,空间地点,,,,
1208,count,125,核心高频,数数,动作行为,身体动作,,,
1209,hit,125,核心高频,打,动作行为,身体动作,,,
1210,ticket,125,核心高频,票,商业经济,,,,
1211,combine,124,核心高频,结合,动作行为,变化趋势,,,
1212,ban,124,核心高频,禁止,政治法律,,,,
1213,bit,124,核心高频,一点,抽象概念,数量与程度,,,
1214,impossible,124,核心高频,不可能的,抽象概念,性质与评价,,,
1215,nuclear,124,核心高频,原子的,科学技术,,,,
1216,basis,123,核心高频,基础,抽象概念,认知与抽象名词,,,
1217,boost,123,核心高频,往上推、增加,动作行为,身体动作,,,
1218,rain,123,核心高频,雨,自然环境,,,,
1219,reserve,123,核心高频,预留,动作行为,其他动作,,,
1220,dog,123,核心高频,狗,自然环境,,,,
1221,productivity,122,核心高频,生产力,商业经济,,,,
1222,discipline,122,核心高频,纪律,教育学习,,,,
1223,seat,122,核心高频,座位,日常生活,,,,
1224,revolution,122,核心高频,革命、旋转,政治法律,,,,
1225,prize,122,核心高频,奖,商业经济,,,prise,
1226,primary,122,核心高频,初级的、最初的,抽象概念,性质与评价,,,
1227,previous,122,核心高频,先前的,时间日期,,,,
1228,attractive,122,核心高频,吸引人的、动人的,情感心理,,,,
1229,communicate,122,核心高频,传达、交流,动作行为,身体动作,,,
1230,disaster,122,核心高频,灾难,自然环境,,,,
1231,stock,121,核心高频,股票、库存,商业经济,,in stock,,
1232,quick,121,核心高频,迅速的,抽象概念,性质与评价,,,
1233,fly,121,核心高频,飞,动作行为,其他动作,,,
1234,heat,121,核心高频,热,科学技术,,,,
1235,candidate,121,核心高频,候选人,职业工作,,,,
1236,identity,121,核心高频,身份,人类与社会,,,,
1237,repair,121,核心高频,修理、补救,动作行为,评价与判断,,,
1238,eight,121,核心高频,八,时间日期,,,,
1239,tear,121,核心高频,眼泪、撕碎,动作行为,身体动作,,,
1240,web,120,核心高频,网,自然环境,,,,
1241,press,120,核心高频,报刊、新闻界,动作行为,身体动作,the free press,,
1242,original,120,核心高频,最初的,抽象概念,性质与评价,,,
1243,conference,120,核心高频,会议,政治法律,,,,
1244,spot,119,核心高频,发现、污点,空间地点,,,,
1245,signal,119,核心高频,信号,动作行为,社交交互,,,
1246,generate,119,核心高频,产生、引起,动作行为,其他动作,generate income / ideas,,
1247,expectation,119,核心高频,预期,情感心理,,,,
1248,recession,119,核心高频,经济衰退、退后,商业经济,,,,
1249,clothe,119,核心高频,给穿衣,动作行为,身体动作,,,
1250,facility,119,核心高频,灵巧、天资,科学技术,,,,
1251,directly,118,核心高频,直接地,抽象概念,逻辑与关系,,,
1252,ourselves,118,核心高频,我们自己、我们亲自,人类与社会,,,,
1253,bus,118,核心高频,公车,交通旅行,,,,
1254,refuse,118,核心高频,拒绝,动作行为,评价与判断,household refuse,,
1255,burn,118,核心高频,燃烧,动作行为,其他动作,,,
1256,decrease,118,核心高频,减少,动作行为,变化趋势,,,
1257,fat,118,核心高频,脂肪,食物营养,,,,
1258,table,118,核心高频,桌子、表格,日常生活,,,,
1259,sample,118,核心高频,样品,教育学习,,,,
1260,gold,118,核心高频,金子,商业经济,,,,
1261,obtain,117,核心高频,获得,动作行为,占有与转移,obtain information,,
1262,ahead,117,核心高频,在…前面,空间地点,,,,
1263,domestic,117,核心高频,家庭的,日常生活,,,,
1264,airport,117,核心高频,机场,交通旅行,,,,
1265,obesity,117,核心高频,肥胖,健康医疗,,,,
1266,guest,117,核心高频,客人,人类与社会,,,,
1267,threaten,116,核心高频,威胁,动作行为,社交交互,,,
1268,fair,116,核心高频,公平的,抽象概念,性质与评价,,,
1269,marry,116,核心高频,结婚,动作行为,其他动作,,,
1270,historical,116,核心高频,历史的,时间日期,,,,
1271,formal,116,核心高频,正式的、形式的,抽象概念,性质与评价,,,
1272,criminal,116,核心高频,犯罪活动、罪犯,政治法律,,,,
1273,familiar,116,核心高频,熟悉的,情感心理,,,,
1274,friendly,115,核心高频,友好的,情感心理,,,,
1275,planet,115,核心高频,行星,自然环境,,,,
1276,strange,115,核心高频,奇怪的,抽象概念,性质与评价,,,
1277,useful,115,核心高频,有用的,抽象概念,性质与评价,,,
1278,perfect,115,核心高频,完美的,抽象概念,性质与评价,,,
1279,genetic,114,核心高频,基因的,科学技术,,,,
1280,competitive,114,核心高频,竞争的,情感心理,,,,
1281,vast,114,核心高频,巨大的、大量的,抽象概念,数量与程度,,,
1282,series,114,核心高频,系列,抽象概念,认知与抽象名词,,,
1283,deliver,114,核心高频,传递、传输,动作行为,其他动作,,,
1284,equipment,114,核心高频,设备,科学技术,,,,
1285,visitor,114,核心高频,访问者,交通旅行,,,,
1286,revenue,113,核心高频,财政收入,商业经济,,,,
1287,sector,113,核心高频,部分、扇区,抽象概念,认知与抽象名词,,,
1288,inform,113,核心高频,通知、告诉,动作行为,社交交互,,,
1289,twice,113,核心高频,两次,时间日期,,,,
1290,thank,113,核心高频,感谢,动作行为,社交交互,,,
1291,illness,113,核心高频,疾病,健康医疗,,,,
1292,altogether,113,核心高频,总共、完全地,抽象概念,数量与程度,,,
1293,welfare,113,核心高频,福利,商业经济,,,,
1294,blood,113,核心高频,血,人类与社会,,,,
1295,calorie,113,核心高频,卡路里,食物营养,,,,
1296,herself,113,核心高频,她自己、她亲自,人类与社会,,,,
1297,intelligent,112,核心高频,聪明的,情感心理,,,,
1298,cite,112,核心高频,引用,动作行为,身体动作,,,
1299,guide,112,核心高频,指引、指导,动作行为,社交交互,,,
1300,household,112,核心高频,户、家庭的,人类与社会,,,,
1301,pupil,112,核心高频,学生、瞳孔,教育学习,,,,
1302,insurance,111,核心高频,保险,商业经济,,,,
1303,criticism,111,核心高频,批评,情感心理,,,,
1304,exchange,111,核心高频,交换,商业经济,,,,
1305,ship,111,核心高频,船舶、装运,交通旅行,,,,
1306,label,110,核心高频,标签、加标签于,日常生活,,,,
1307,differ,110,核心高频,与……不同,动作行为,其他动作,,,
1308,commit,110,核心高频,把…交托给、犯（罪）,动作行为,身体动作,,,
1309,admit,110,核心高频,承认,动作行为,其他动作,,,
1310,objective,110,核心高频,客观的、目的,抽象概念,认知与抽象名词,objective analysis,,
1311,contribution,110,核心高频,贡献,文化宗教,,,,
1312,context,110,核心高频,上下文、环境,抽象概念,认知与抽象名词,,,
1313,complain,110,核心高频,抱怨,动作行为,身体动作,,,
1314,fine,110,核心高频,很好,抽象概念,性质与评价,fine distinctions,,
1315,church,109,核心高频,教堂,文化宗教,,,,
1316,yield,109,核心高频,放弃、屈服、收益,动作行为,其他动作,yield results,,
1317,soil,109,核心高频,泥土、国土,自然环境,,,,
1318,rent,109,核心高频,租,商业经济,,,,
1319,video,109,核心高频,录像,科学技术,,,,
1320,brother,109,核心高频,兄弟,人类与社会,,,,
1321,capital,108,核心高频,首都、大写字母,商业经济,,human capital,,
1322,circumstance,108,核心高频,情况,抽象概念,认知与抽象名词,,,
1323,illustrate,108,核心高频,说明、加插图,动作行为,身体动作,illustrate the point,,
1324,target,108,核心高频,目标,动作行为,其他动作,,,
1325,pretty,108,核心高频,漂亮的,情感心理,,,,
1326,active,108,核心高频,活跃的、积极的,抽象概念,性质与评价,,,
1327,schedule,108,核心高频,日程,时间日期,,,,
1328,window,108,核心高频,窗户,日常生活,,,,
1329,alter,107,核心高频,改变,动作行为,变化趋势,,,
1330,sensitive,107,核心高频,敏感的、易受伤害的,情感心理,,,,
1331,gather,107,核心高频,聚集、搜集,动作行为,变化趋势,,,
1332,requirement,106,核心高频,要求,抽象概念,认知与抽象名词,,,
1333,critic,106,核心高频,批评者,职业工作,,,,
1334,property,106,核心高频,财产、性质、特性,商业经济,,,,
1335,eliminate,106,核心高频,排除、淘汰,动作行为,使动与影响,eliminate the possibility,,
1336,artificial,106,核心高频,人造的,科学技术,,,,
1337,engineer,106,核心高频,工程师,职业工作,,,,
1338,neither,106,核心高频,两个都不,抽象概念,逻辑与关系,,,
1339,busy,106,核心高频,忙碌的,抽象概念,性质与评价,,,
1340,touch,106,核心高频,触摸、感动,动作行为,身体动作,,,
1341,appearance,106,核心高频,出现、外表,抽象概念,认知与抽象名词,,,
1342,engineering,106,核心高频,工程学,科学技术,,,,
1343,teenager,106,核心高频,青少年,人类与社会,,,,
1344,rank,106,核心高频,排列、等级,抽象概念,认知与抽象名词,,,
1345,cure,105,核心高频,治愈,健康医疗,,,,
1346,secretary,105,核心高频,秘书,职业工作,,,,
1347,circle,105,核心高频,圆,空间地点,,,,
1348,welcome,105,核心高频,欢迎,动作行为,社交交互,,,
1349,switch,105,核心高频,开关、改变,动作行为,变化趋势,,,
1350,complaint,105,核心高频,抱怨、疾病,动作行为,身体动作,,,
1351,interpret,104,核心高频,口译、解释,动作行为,社交交互,interpret as,,
1352,lawyer,104,核心高频,律师,职业工作,,,,
1353,nowadays,104,核心高频,现今,时间日期,,,,
1354,priority,104,核心高频,优先,抽象概念,认知与抽象名词,,,
1355,military,104,核心高频,军事的、军队,政治法律,,,,
1356,cope,104,核心高频,处理、应对,动作行为,社交交互,,,
1357,propose,104,核心高频,提议、提名,动作行为,身体动作,,,
1358,relative,104,核心高频,亲戚、比较的,人类与社会,,,,
1359,sex,104,核心高频,性,人类与社会,,,,
1360,pull,104,核心高频,拉,动作行为,身体动作,,,
1361,fresh,104,核心高频,新鲜的,抽象概念,性质与评价,,,
1362,crowd,104,核心高频,聚集、挤满,人类与社会,,,,
1363,prospect,103,核心高频,景色、前景,抽象概念,认知与抽象名词,,,
1364,payment,103,核心高频,支付,商业经济,,,,
1365,technical,103,核心高频,技术的,科学技术,,,,
1366,fish,103,核心高频,鱼,自然环境,,,,
1367,birth,103,核心高频,出生,人类与社会,,,,
1368,anxiety,103,核心高频,焦虑,情感心理,,,,
1369,routine,103,核心高频,常规、惯例,抽象概念,性质与评价,,,
1370,psychology,103,核心高频,心理学,情感心理,,,,
1371,abroad,103,核心高频,到国外、广为流传,交通旅行,,,,
1372,feed,103,核心高频,喂食,动作行为,身体动作,,,
1373,talent,103,核心高频,才华、人才,情感心理,,,,
1374,fiction,103,核心高频,虚构、小说,文化宗教,,,,
1375,plane,103,核心高频,飞机,交通旅行,,,,
1376,afternoon,103,核心高频,下午,时间日期,,,,
1377,shoe,103,核心高频,鞋子,交通旅行,,,,
1378,humanity,102,核心高频,人文、人性,人类与社会,,,,
1379,preserve,102,核心高频,保护、保存,动作行为,社交交互,,,
1380,explanation,102,核心高频,解释,抽象概念,认知与抽象名词,,,
1381,flow,102,核心高频,流动,动作行为,身体动作,,,
1382,technique,102,核心高频,技术,科学技术,,,,
1383,wake,102,核心高频,醒来,动作行为,身体动作,,,
1384,hurt,102,核心高频,伤害,动作行为,使动与影响,,,
1385,consist,102,核心高频,组成、在于,动作行为,其他动作,,,
1386,master,102,核心高频,主人、精通、掌握,职业工作,,,,
1387,smile,101,核心高频,笑,动作行为,身体动作,,,
1388,convince,101,核心高频,使人信服,动作行为,心理活动,,,
1389,delay,101,核心高频,推迟,动作行为,起始与终止,,,
1390,broad,101,核心高频,宽的,抽象概念,数量与程度,,,
1391,sufficient,101,核心高频,足够的,抽象概念,性质与评价,,,
1392,mostly,101,核心高频,大部分,抽象概念,数量与程度,,,
1393,unlike,101,核心高频,不同的、不像,抽象概念,逻辑与关系,,,
1394,destroy,101,核心高频,摧毁,动作行为,使动与影响,,,
1395,meat,101,核心高频,肉类,食物营养,,,,
1396,wage,101,核心高频,工资、发动,商业经济,,,,
1397,vision,101,核心高频,视力、想象,情感心理,,,,
1398,wealthy,101,核心高频,富裕的,商业经济,,,,
1399,exhibit,101,核心高频,展览,动作行为,身体动作,,,
1400,block,101,核心高频,块、阻止、街区,空间地点,,,,
1401,blue,101,核心高频,蓝色的,交通旅行,,,,
1402,blame,100,核心高频,责备,动作行为,其他动作,,,
1403,proper,100,核心高频,正确的、适当的,抽象概念,性质与评价,a proper understanding,,
1404,invest,100,核心高频,投资,商业经济,,,,
1405,tough,100,核心高频,艰难的,情感心理,,,,
1406,star,100,核心高频,星、恒星,自然环境,,,,
1407,actual,100,核心高频,实在的,抽象概念,性质与评价,,,
1408,grammar,100,核心高频,语法,教育学习,,,,
1409,peace,100,核心高频,和平,政治法律,,,,
1410,otherwise,99,高频,否则,抽象概念,逻辑与关系,,otherwize,
1411,emphasis,99,高频,强调,抽象概念,认知与抽象名词,,,
1412,efficient,99,高频,有效的、能胜任的,抽象概念,性质与评价,,,
1413,survival,99,高频,幸存,健康医疗,,,,
1414,escape,99,高频,逃跑,动作行为,身体动作,,,
1415,import,99,高频,进口、进口商品,商业经济,,,,
1416,club,99,高频,俱乐部,运动娱乐,,,,
1417,red,99,高频,红色的,交通旅行,,,,
1418,invention,98,高频,发明,科学技术,,,,
1419,discovery,98,高频,发现,抽象概念,认知与抽象名词,,,
1420,agent,98,高频,代理,职业工作,,,,
1421,dominate,98,高频,支配、占优势,动作行为,社交交互,dominate the market,,
1422,pace,98,高频,速度、行进,动作行为,其他动作,,,
1423,element,98,高频,元素、要素,科学技术,,,,
1424,impose,98,高频,把……强加于,动作行为,其他动作,,,
1425,vote,98,高频,投票、选票,动作行为,身体动作,,,
1426,yes,98,高频,是,情感心理,,,,
1427,narrow,98,高频,狭窄的,抽象概念,性质与评价,,,
1428,transfer,98,高频,转移、传输,动作行为,使动与影响,,,
1429,copy,98,高频,复制,动作行为,其他动作,,,
1430,vary,98,高频,改变,动作行为,使动与影响,,,
1431,participate,98,高频,参与、分享,动作行为,占有与转移,,,
1432,advise,98,高频,劝告、建议,动作行为,社交交互,,advize,
1433,loan,98,高频,贷款、借出,商业经济,,,,
1434,demonstrate,97,高频,论证、说明,动作行为,社交交互,demonstrate that…,,
1435,fundamental,97,高频,基础的、根本的,抽象概念,性质与评价,fundamental change,,
1436,origin,97,高频,起源,抽象概念,认知与抽象名词,,,
1437,recommend,97,高频,推荐,动作行为,身体动作,,,
1438,valuable,97,高频,有价值的、贵重的,抽象概念,性质与评价,,,
1439,addition,97,高频,加,抽象概念,认知与抽象名词,,,
1440,contract,97,高频,合同、缩小,商业经济,,,,
1441,description,97,高频,描述,抽象概念,认知与抽象名词,,,
1442,alcohol,97,高频,酒精,食物营养,,,,
1443,district,97,高频,地区,空间地点,,,,
1444,dry,97,高频,干燥的,抽象概念,性质与评价,,,
1445,evening,97,高频,傍晚,时间日期,,,,
1446,breakfast,97,高频,早饭,食物营养,,,,
1447,gene,96,高频,基因,科学技术,,,,
1448,wave,96,高频,招手,自然环境,,,,
1449,moreover,96,高频,而且、此外,抽象概念,逻辑与关系,,,
1450,capable,96,高频,有能力的,抽象概念,性质与评价,,,
1451,ordinary,96,高频,普通的,抽象概念,性质与评价,,,
1452,strengthen,96,高频,加强,动作行为,变化趋势,,,
1453,suggestion,96,高频,建议,情感心理,,,,
1454,cash,96,高频,现金,商业经济,,,,
1455,secret,96,高频,秘密,情感心理,,,,
1456,quarter,96,高频,四分之一、季度,时间日期,,,,
1457,thought,96,高频,思想、想法,情感心理,,,,
1458,persuade,96,高频,说服,动作行为,心理活动,,,
1459,software,96,高频,软件,科学技术,,,,
1460,afraid,96,高频,害怕的,情感心理,,,,
1461,steal,96,高频,偷,动作行为,其他动作,,,
1462,evolution,95,高频,进化,科学技术,,,,
1463,corporation,95,高频,公司、法人,商业经济,,,,
1464,homework,95,高频,作业,教育学习,,,,
1465,sight,95,高频,视野、景象,抽象概念,认知与抽象名词,,,
1466,athlete,95,高频,运动员,运动娱乐,,,,
1467,outcome,95,高频,结果,抽象概念,认知与抽象名词,,,
1468,surface,95,高频,表面,自然环境,,,,
1469,apart,95,高频,相隔、分开,空间地点,,,,
1470,pleasure,95,高频,愉快、乐事,情感心理,,,,
1471,entry,95,高频,进入,空间地点,,,,
1472,justice,94,高频,公平、审判,政治法律,,,,
1473,electricity,94,高频,电、电学,科学技术,,,,
1474,notice,94,高频,注意、通知,动作行为,心理活动,,,
1475,final,94,高频,最终的,抽象概念,性质与评价,,,
1476,rarely,94,高频,罕见地、几乎不,抽象概念,数量与程度,,,
1477,privacy,94,高频,隐私,情感心理,,,,
1478,email,94,高频,电子邮件,科学技术,,,,
1479,cycle,94,高频,骑自行车、周期,时间日期,,,,
1480,satellite,94,高频,卫星,科学技术,,,,
1481,burden,94,高频,负担,动作行为,占有与转移,,,
1482,king,94,高频,君主,人类与社会,,,,
1483,salary,94,高频,薪水,商业经济,,,,
1484,mountain,94,高频,山,自然环境,,,,
1485,religious,93,高频,宗教的、虔诚的,文化宗教,,,,
1486,guarantee,93,高频,保障,动作行为,其他动作,,,
1487,annual,93,高频,每年的、全年的,时间日期,,,,
1488,ease,93,高频,减轻,动作行为,使动与影响,,,
1489,telephone,93,高频,电话、打电话,科学技术,,,,
1490,garden,93,高频,花园、园艺,自然环境,,,,
1491,comfort,93,高频,舒适、安慰,情感心理,,,,
1492,request,93,高频,请求,动作行为,占有与转移,,,
1493,foundation,93,高频,基础、地基,抽象概念,认知与抽象名词,,,
1494,lunch,93,高频,午饭,食物营养,,,,
1495,engine,93,高频,引擎,科学技术,,,,
1496,symbol,93,高频,符号、象征,文化宗教,,,,
1497,earthquake,93,高频,地震,自然环境,,,,
1498,arise,92,高频,形成、上升,动作行为,使动与影响,problems arise,arize,
1499,partly,92,高频,部分地,抽象概念,数量与程度,,,
1500,existence,92,高频,存在,抽象概念,认知与抽象名词,,,
1501,rapid,92,高频,快的,抽象概念,性质与评价,,,
1502,willing,92,高频,情愿的,情感心理,,,,
1503,curiosity,92,高频,好奇心,情感心理,,,,
1504,childhood,92,高频,幼年,时间日期,,,,
1505,tie,92,高频,系,动作行为,身体动作,,,
1506,climb,92,高频,攀爬,动作行为,身体动作,,,
1507,net,91,高频,网、净的,日常生活,,,,
1508,none,91,高频,没有,抽象概念,数量与程度,,,
1509,widespread,91,高频,遍布的,抽象概念,性质与评价,,,
1510,stem,91,高频,茎、词干,自然环境,,,,
1511,abandon,91,高频,抛弃,动作行为,身体动作,,,
1512,pound,91,高频,英镑、磅,商业经济,,,,
1513,custom,91,高频,习惯、惠顾,文化宗教,,,,
1514,fee,91,高频,费用,商业经济,,,,
1515,island,91,高频,岛,自然环境,,,,
1516,suitable,90,高频,合适的,抽象概念,性质与评价,,,
1517,favor,90,高频,喜欢、赞同,情感心理,,,favour,
1518,secure,90,高频,使安全、争取到,动作行为,占有与转移,,,
1519,presence,90,高频,出席、存在,人类与社会,,,,
1520,transport,90,高频,运输,交通旅行,,,,
1521,independent,90,高频,独立的、私营的,抽象概念,性质与评价,,,
1522,notion,90,高频,概念、见解、打算,抽象概念,认知与抽象名词,,,
1523,distinguish,90,高频,区别、使有特色,动作行为,使动与影响,distinguish A from B,,
1524,collection,90,高频,收藏,文化宗教,,,,
1525,perspective,90,高频,观点、判断力,抽象概念,认知与抽象名词,,,
1526,careful,90,高频,小心的、细致的,情感心理,,,,
1527,toy,90,高频,玩具,运动娱乐,,,,
1528,friendship,90,高频,友谊,人类与社会,,,,
1529,throw,90,高频,扔,动作行为,身体动作,,,
1530,ambition,89,高频,雄心、志向,情感心理,,,,
1531,giant,89,高频,巨人、巨大的,人类与社会,,,,
1532,definition,89,高频,定义、清晰度,抽象概念,认知与抽象名词,,,
1533,height,89,高频,高度、身高,抽象概念,数量与程度,,,
1534,reject,89,高频,拒绝,动作行为,身体动作,,,
1535,disappear,89,高频,消失,动作行为,变化趋势,,,
1536,typical,89,高频,典型的,抽象概念,性质与评价,,,
1537,dark,89,高频,黑暗的、深色的,交通旅行,,,,
1538,suit,89,高频,适合,交通旅行,,file a suit,,
1539,quit,89,高频,退出,动作行为,社交交互,,,
1540,leadership,89,高频,领导,职业工作,,,,
1541,behave,89,高频,表现,动作行为,身体动作,,,
1542,inspire,89,高频,激发,动作行为,使动与影响,,,
1543,youth,89,高频,青春、年轻人,人类与社会,,,,
1544,violence,89,高频,暴力、狂热,政治法律,,,,
1545,monitor,89,高频,监视器,动作行为,身体动作,,,
1546,kitchen,89,高频,厨房,日常生活,,,,
1547,phenomenon,88,高频,现象,抽象概念,认知与抽象名词,,,
1548,physician,88,高频,医师,职业工作,,,,
1549,actor,88,高频,男演员,职业工作,,,,
1550,extent,88,高频,程度、范围,抽象概念,数量与程度,,,
1551,jump,88,高频,跳,动作行为,身体动作,,,
1552,proportion,88,高频,部分、比例,抽象概念,认知与抽象名词,,,
1553,egg,88,高频,蛋、卵,食物营养,,,,
1554,pursue,88,高频,追求,动作行为,起始与终止,pursue a career,,
1555,complicated,88,高频,错综复杂的,抽象概念,性质与评价,,,
1556,bracket,87,高频,括号,日常生活,,,,
1557,solar,87,高频,太阳能的、太阳的,自然环境,,,,
1558,duty,87,高频,责任,政治法律,,,,
1559,recall,87,高频,回忆、召回,动作行为,心理活动,,,
1560,winter,87,高频,冬季,时间日期,,,,
1561,assistant,87,高频,助手,职业工作,,,,
1562,coffee,87,高频,咖啡,食物营养,,,,
1563,overseas,87,高频,外国的、在海外,空间地点,,,,
1564,crash,87,高频,碰撞,动作行为,身体动作,,,
1565,river,87,高频,河流,自然环境,,,,
1566,weekend,87,高频,周末,时间日期,,,,
1567,administration,86,高频,管理、政府,政治法律,,,,
1568,excessive,86,高频,过多的,抽象概念,性质与评价,,,
1569,path,86,高频,小道,空间地点,,,,
1570,productive,86,高频,盛产的、富有成效的,抽象概念,性质与评价,,,
1571,enormous,86,高频,巨大的,抽象概念,数量与程度,,,
1572,conservation,86,高频,保护、保存,自然环境,,,,
1573,urge,86,高频,催促、敦促,动作行为,身体动作,,,
1574,concentrate,86,高频,集中,动作行为,身体动作,,,
1575,impression,86,高频,印象,抽象概念,认知与抽象名词,,,
1576,worldwide,86,高频,全世界的,抽象概念,性质与评价,,,
1577,liberal,85,高频,不严格的、自由的,情感心理,,,,
1578,immediate,85,高频,立即的,时间日期,,,,
1579,retire,85,高频,退休,动作行为,起始与终止,,,
1580,bed,85,高频,床,日常生活,,,,
1581,daughter,85,高频,女儿,人类与社会,,,,
1582,substance,84,高频,物质,抽象概念,认知与抽象名词,,,
1583,clone,84,高频,克隆,科学技术,,,,
1584,commission,84,高频,委员会、委托,商业经济,,,,
1585,settle,84,高频,解决、定居,动作行为,其他动作,,,
1586,insist,84,高频,坚持,动作行为,占有与转移,,,
1587,editor,84,高频,编辑,职业工作,,,,
1588,scholar,84,高频,学者,教育学习,,,,
1589,institute,84,高频,机构、建立,教育学习,,,,
1590,unusual,84,高频,不平常的,抽象概念,性质与评价,,,
1591,rare,84,高频,稀少的、稀薄的,抽象概念,性质与评价,,,
1592,fun,84,高频,快乐,运动娱乐,,,,
1593,nine,84,高频,九,时间日期,,,,
1594,client,84,高频,顾客、委托人,商业经济,,,,
1595,saving,84,高频,节省、储蓄金,商业经济,,,,
1596,quiet,84,高频,安静的,情感心理,,,,
1597,cognitive,84,高频,认知的,科学技术,,cognitive ability,,
1598,smell,83,高频,闻,动作行为,身体动作,,,
1599,additional,83,高频,附加的,抽象概念,数量与程度,,,
1600,plastic,83,高频,塑料、可塑的,科学技术,,,,
1601,officer,83,高频,官员、军官,职业工作,,,,
1602,wisdom,83,高频,智慧,情感心理,,,,
1603,mobile,83,高频,移动的,科学技术,,,,
1604,mood,83,高频,情绪、心情,情感心理,,,,
1605,symptom,83,高频,症状,健康医疗,,,,
1606,indifferent,83,高频,漠不关心的,情感心理,,,,
1607,neglect,82,高频,忽视、疏忽,动作行为,其他动作,neglect the issue,,
1608,transform,82,高频,改变,动作行为,身体动作,transform into,,
1609,bright,82,高频,明亮的,情感心理,,,,
1610,recovery,82,高频,恢复、重获,健康医疗,,,,
1611,reputation,82,高频,名誉,情感心理,,,,
1612,fault,82,高频,错误,抽象概念,认知与抽象名词,,,
1613,inflation,81,高频,通货膨胀,商业经济,,,,
1614,atmosphere,81,高频,气氛,自然环境,,,,
1615,religion,81,高频,宗教、信念,文化宗教,,,,
1616,root,81,高频,根、根本,自然环境,,,,
1617,severe,81,高频,严重的,情感心理,,,,
1618,deny,81,高频,否定,动作行为,评价与判断,,,
1619,assess,81,高频,评估,商业经济,,assess the impact of,,
1620,extreme,81,高频,极端,抽象概念,性质与评价,,,
1621,introduction,81,高频,介绍、传入,教育学习,,,,
1622,seldom,81,高频,很少的,抽象概念,数量与程度,,,
1623,tip,81,高频,末端、小费、提示,动作行为,身体动作,practical tips,,
1624,minority,81,高频,少数,抽象概念,数量与程度,,,
1625,relevant,80,高频,相关的,抽象概念,性质与评价,,,
1626,cool,80,高频,酷、使冷静,抽象概念,性质与评价,,,
1627,deserve,80,高频,值得、应得,动作行为,其他动作,,,
1628,repeat,80,高频,重复,动作行为,社交交互,,,
1629,politician,80,高频,政治家,政治法律,,,,
1630,pose,80,高频,摆姿势、造成、提出,动作行为,身体动作,,,
1631,chair,80,高频,主席、椅子,日常生活,,,,
1632,beautiful,80,高频,美好的,情感心理,,,,
1633,organic,80,高频,器官的、有机物的,科学技术,,,,
1634,vital,80,高频,重要的,抽象概念,性质与评价,play a vital role,,
1635,alternative,80,高频,备选的,抽象概念,认知与抽象名词,,,
1636,cancel,80,高频,取消,动作行为,起始与终止,,,
1637,depth,80,高频,深度,抽象概念,数量与程度,,,
1638,protein,80,高频,蛋白质,食物营养,,,,
1639,profession,79,高频,职业,职业工作,,,,
1640,specialist,79,高频,专家,职业工作,,,,
1641,mere,79,高频,仅仅的,抽象概念,性质与评价,,,
1642,opposite,79,高频,相反的、对立面,抽象概念,性质与评价,,,
1643,possess,79,高频,拥有、具有,动作行为,占有与转移,,,
1644,recognition,79,高频,认出、承认,抽象概念,认知与抽象名词,,,
1645,attribute,79,高频,属性,动作行为,身体动作,be attributed to；attribute A to B,,
1646,chain,79,高频,链,日常生活,,,,
1647,remote,79,高频,遥远的,抽象概念,性质与评价,,,
1648,tomorrow,79,高频,明天、来日,时间日期,,,,
1649,continent,78,高频,洲、大陆,自然环境,,,,
1650,reduction,78,高频,减少、降低,抽象概念,认知与抽象名词,,,
1651,everyday,78,高频,每日的,日常生活,,,,
1652,percentage,78,高频,百分比,商业经济,,,,
1653,version,78,高频,版本,抽象概念,认知与抽象名词,,,
1654,dramatic,78,高频,戏剧性的,运动娱乐,,a dramatic change,,
1655,stimulate,78,高频,刺激、使兴奋,动作行为,使动与影响,stimulate demand,,
1656,arrange,78,高频,安排,动作行为,使动与影响,,,
1657,faculty,78,高频,能力、院系,教育学习,,,,
1658,praise,78,高频,赞美、表扬,动作行为,社交交互,,praize,
1659,volunteer,78,高频,志愿者,人类与社会,,,,
1660,stone,78,高频,石头,自然环境,,,,
1661,chapter,78,高频,章节,教育学习,,,,
1662,meanwhile,77,高频,与此同时,时间日期,,,,
1663,perceive,77,高频,察觉、理解,动作行为,心理活动,be perceived as,,
1664,merely,77,高频,仅仅,抽象概念,数量与程度,,,
1665,absorb,77,高频,吸收,动作行为,身体动作,,,
1666,belong,77,高频,属于,动作行为,其他动作,,,
1667,weak,77,高频,弱的,抽象概念,性质与评价,,,
1668,affair,77,高频,事情、事务,人类与社会,,,,
1669,undergraduate,77,高频,本科的、本科生,教育学习,,,,
1670,assign,77,高频,分配、指定,动作行为,占有与转移,,,
1671,mission,77,高频,任务、使命,政治法律,,,,
1672,joy,77,高频,欢乐,情感心理,,,,
1673,highway,77,高频,公路,空间地点,,,,
1674,publication,76,高频,公布、出版,文化宗教,,,,
1675,poetry,76,高频,诗歌,文化宗教,,,,
1676,usual,76,高频,通常的,抽象概念,性质与评价,,,
1677,necessity,76,高频,必要、必然性,抽象概念,认知与抽象名词,,,
1678,adjust,76,高频,调整,动作行为,使动与影响,,,
1679,announce,76,高频,宣布,动作行为,社交交互,,,
1680,exposure,76,高频,暴露、揭发,健康医疗,,,,
1681,acknowledge,76,高频,承认,动作行为,占有与转移,acknowledge the fact,,
1682,imagination,76,高频,想象,情感心理,,,,
1683,locate,76,高频,指出、位于,动作行为,身体动作,,,
1684,incentive,76,高频,刺激、动机,抽象概念,认知与抽象名词,,,
1685,victim,76,高频,受害者,人类与社会,,,,
1686,airline,76,高频,航线,交通旅行,,,,
1687,confident,76,高频,自信的,情感心理,,,,
1688,preference,76,高频,偏爱,情感心理,,,,
1689,approve,76,高频,赞同,动作行为,社交交互,,,
1690,borrow,76,高频,借,动作行为,心理活动,,,
1691,assignment,76,高频,任务,教育学习,,,,
1692,reliable,75,高频,可靠的,抽象概念,性质与评价,,,
1693,asset,75,高频,资产、天赋,商业经济,,,,
1694,constant,75,高频,坚定的、经常的,抽象概念,性质与评价,,,
1695,leisure,75,高频,空闲、悠闲,时间日期,,,,
1696,considerable,75,高频,相当大的,抽象概念,数量与程度,,,
1697,beauty,75,高频,美丽、美人,情感心理,,,,
1698,massive,75,高频,巨大的、大规模的,抽象概念,数量与程度,,,
1699,council,75,高频,理事会,政治法律,,,,
1700,entire,75,高频,完全的,抽象概念,数量与程度,,,
1701,reverse,75,高频,相反的、倒退的,动作行为,身体动作,,,
1702,document,75,高频,文档,教育学习,,,,
1703,skim,75,高频,掠过,动作行为,身体动作,,,
1704,optimistic,74,高频,乐观的,情感心理,,,,
1705,somewhat,74,高频,稍微,抽象概念,数量与程度,,,
1706,skilled,74,高频,有技能的、熟练的,抽象概念,性质与评价,,,
1707,appreciate,74,高频,欣赏、感激,情感心理,,appreciate the risk,,
1708,entertainment,74,高频,招待、娱乐,运动娱乐,,,,
1709,nobody,74,高频,谁也不、小人物,人类与社会,,,,
1710,satisfaction,74,高频,满意、乐事,情感心理,,,,
1711,recover,74,高频,恢复,动作行为,变化趋势,,,
1712,apartment,74,高频,房间、公寓,日常生活,,,,
1713,sister,74,高频,姐妹,人类与社会,,,,
1714,plate,73,高频,盘子,日常生活,,,,
1715,justify,73,高频,证明…正当,动作行为,评价与判断,justify the decision,,
1716,dead,73,高频,死去的、麻木的,健康医疗,,,,
1717,ceremony,73,高频,仪式,文化宗教,,,,
1718,elsewhere,73,高频,在别处,空间地点,,,,
1719,procedure,73,高频,步骤,教育学习,,,,
1720,unlikely,73,高频,不太可能,抽象概念,性质与评价,,,
1721,strict,73,高频,严格的,情感心理,,,,
1722,stick,73,高频,棍、刺、粘贴,动作行为,身体动作,,,
1723,observation,73,高频,观察、言论,抽象概念,认知与抽象名词,,,
1724,convey,73,高频,传达、输送,动作行为,身体动作,convey a message,,
1725,virtual,73,高频,虚拟、实际上的,抽象概念,性质与评价,,,
1726,discourage,73,高频,使泄气,动作行为,使动与影响,,discorage,
1727,jam,73,高频,拥堵、果酱,食物营养,,,,
1728,location,73,高频,位置,空间地点,,,,
1729,coach,73,高频,教练,职业工作,,,,
1730,merit,73,高频,优点、价值、值得,抽象概念,认知与抽象名词,,,
1731,occasion,73,高频,机会、重大活动,时间日期,,,,
1732,bottle,73,高频,瓶子,日常生活,,,,
1733,implication,72,高频,后果、言下之意,抽象概念,认知与抽象名词,,,
1734,inevitable,72,高频,不可避免的,抽象概念,性质与评价,an inevitable result,,
1735,wind,72,高频,风,自然环境,,,,
1736,surprise,72,高频,惊讶,情感心理,,,surprize,
1737,independence,72,高频,独立,抽象概念,性质与评价,,,
1738,aside,72,高频,在旁边,空间地点,,,,
1739,bind,72,高频,结合、约束、捆绑,动作行为,使动与影响,,,
1740,capture,72,高频,捕获、战利品、拍摄、引起注意,动作行为,其他动作,,,
1741,satisfy,72,高频,满意、使确信,动作行为,使动与影响,,,
1742,recruit,72,高频,招募、新兵,动作行为,身体动作,,,
1743,skin,72,高频,皮,人类与社会,,,,
1744,retail,72,高频,零售,商业经济,,,,
1745,sick,72,高频,生病的,健康医疗,,,,
1746,grain,72,高频,谷物,食物营养,,,,
1747,eager,72,高频,渴望的,情感心理,,,,
1748,proposal,72,高频,提议、求婚,动作行为,身体动作,,,
1749,excerpt,72,高频,摘录,教育学习,,,,
1750,brief,71,高频,简短的,抽象概念,性质与评价,,,
1751,fruit,71,高频,水果,食物营养,,,,
1752,scene,71,高频,场景,自然环境,,,,
1753,hide,71,高频,隐藏,动作行为,社交交互,,,
1754,export,71,高频,输出、出口,商业经济,,,,
1755,exhibition,71,高频,展览会、陈列,运动娱乐,,,,
1756,length,71,高频,长度,抽象概念,数量与程度,,,
1757,cultivate,71,高频,耕作、培养,动作行为,身体动作,,,
1758,border,71,高频,边界,空间地点,,,,
1759,edge,71,高频,边、刀口,空间地点,,,,
1760,recycle,71,高频,回收,科学技术,,,,
1761,treasure,71,高频,宝藏,商业经济,,,,
1762,bacteria,71,高频,细菌,自然环境,,,,
1763,selection,70,高频,选择、精选物,抽象概念,认知与抽象名词,,,
1764,sustain,70,高频,支撑、忍受,动作行为,起始与终止,sustainable development,,
1765,everybody,70,高频,每人,人类与社会,,,,
1766,helpful,70,高频,有帮助的,情感心理,,,,
1767,instrument,70,高频,工具、乐器,科学技术,,,,
1768,tired,70,高频,疲惫的,情感心理,,,tyred,
1769,hair,70,高频,头发,人类与社会,,,,
1770,admission,70,高频,允许进入、承认,教育学习,,,,
1771,regardless,70,高频,不顾、不管怎样,抽象概念,逻辑与关系,,,
1772,empty,70,高频,空的,抽象概念,性质与评价,,,
1773,spring,70,高频,春天、跳跃,时间日期,,,,
1774,valley,70,高频,山谷,自然环境,,,,
1775,clothing,70,高频,衣物,交通旅行,,,,
1776,nice,70,高频,很好的,情感心理,,,,
1777,universe,69,高频,宇宙,自然环境,,,,
1778,pursuit,69,高频,追求、追赶,动作行为,其他动作,,,
1779,conscious,69,高频,神志清醒的、意识到的,情感心理,,be conscious of,,
1780,laugh,69,高频,笑,动作行为,身体动作,,,
1781,confront,69,高频,使面临、勇敢地面对,动作行为,使动与影响,be confronted with,,
1782,assumption,69,高频,假定,抽象概念,认知与抽象名词,,,
1783,equality,69,高频,同等,抽象概念,认知与抽象名词,,,
1784,glass,69,高频,玻璃、玻璃杯,日常生活,,,,
1785,entitle,69,高频,给……题名、给……权利,动作行为,其他动作,,,
1786,prompt,69,高频,敏捷的、提示,动作行为,身体动作,,,
1787,suspect,69,高频,怀疑,动作行为,心理活动,,,
1788,spirit,69,高频,精神,情感心理,,,,
1789,hero,69,高频,英雄,人类与社会,,,,
1790,wild,69,高频,野生的,自然环境,,,,
1791,muscle,69,高频,肌肉、体力,人类与社会,,,,
1792,beat,69,高频,击败,动作行为,身体动作,,,
1793,peak,69,高频,最高点,自然环境,,,,
1794,arm,69,高频,手臂,人类与社会,,,,
1795,shrink,69,高频,起皱、减少,动作行为,身体动作,,,
1796,transition,69,高频,过渡、转变,抽象概念,认知与抽象名词,,,
1797,excellent,69,高频,优秀的,抽象概念,性质与评价,,,
1798,delete,69,高频,删除,动作行为,其他动作,,,
1799,racial,69,高频,种族的,人类与社会,,,,
1800,puzzle,68,高频,使……困惑,动作行为,使动与影响,,,
1801,witness,68,高频,目击、见证,动作行为,身体动作,,,
1802,branch,68,高频,枝、分部,自然环境,,,,
1803,literary,68,高频,文学的,文化宗教,,,,
1804,reference,68,高频,提及、参考,教育学习,,,,
1805,minister,68,高频,部长,政治法律,,,,
1806,register,68,高频,注册,动作行为,社交交互,,,
1807,declare,68,高频,宣布,动作行为,社交交互,,,
1808,everywhere,68,高频,到处,空间地点,,,,
1809,invent,68,高频,发明,动作行为,身体动作,,,
1810,maybe,68,高频,可能、大概,抽象概念,数量与程度,,,
1811,volume,68,高频,容积、音量（一）卷,科学技术,,the volume of trade,,
1812,bar,68,高频,条、酒吧,日常生活,,,,
1813,east,68,高频,东、东方的,空间地点,,,,
1814,resume,68,高频,重新开始、恢复、简历,动作行为,变化趋势,,,
1815,adolescent,68,高频,青少年,人类与社会,,,,
1816,dance,68,高频,跳舞,运动娱乐,,,,
1817,hill,68,高频,小山,自然环境,,,,
1818,season,68,高频,季节,时间日期,,,,
1819,nevertheless,67,高频,然而,抽象概念,逻辑与关系,,,
1820,congress,67,高频,代表大会,政治法律,,,,
1821,fifty,67,高频,五十,时间日期,,,,
1822,urgent,67,高频,紧迫的,情感心理,,,,
1823,category,67,高频,类别,抽象概念,认知与抽象名词,,,
1824,infant,67,高频,婴幼儿,人类与社会,,,,
1825,convenient,67,高频,方便的,抽象概念,性质与评价,,,
1826,battle,67,高频,战斗,政治法律,,,,
1827,vulnerable,67,高频,易受攻击的、脆弱的,抽象概念,性质与评价,be vulnerable to,,
1828,committee,67,高频,委员会,政治法律,,,,
1829,band,67,高频,乐队、带子,运动娱乐,,,,
1830,football,67,高频,足球,运动娱乐,,,,
1831,dress,67,高频,穿,交通旅行,,,,
1832,vacation,67,高频,假期,时间日期,,,,
1833,reasonable,66,高频,合理的,抽象概念,性质与评价,,,
1834,odd,66,高频,奇数的、奇怪的,抽象概念,性质与评价,an odd phenomenon,,
1835,significance,66,高频,重要性,抽象概念,认知与抽象名词,,,
1836,examination,66,高频,考试,教育学习,,,,
1837,detect,66,高频,查明、发现,动作行为,心理活动,,,
1838,host,66,高频,主持人,人类与社会,,,,
1839,estate,66,高频,地产、遗产,商业经济,,,,
1840,initiative,66,高频,主动性、进取心,抽象概念,认知与抽象名词,,,
1841,divorce,66,高频,离婚、断绝关系,政治法律,,,,
1842,dispute,66,高频,争论,动作行为,社交交互,,,
1843,accurate,66,高频,精确的,抽象概念,性质与评价,accurate data,,
1844,brown,66,高频,褐色的,交通旅行,,,,
1845,snow,66,高频,雪,自然环境,,,,
1846,confirm,66,高频,证实、确认,动作行为,使动与影响,,,
1847,raw,66,高频,生的、未经训练的,抽象概念,性质与评价,,,
1848,unit,66,高频,单元、单位,科学技术,,,,
1849,hang,66,高频,挂,动作行为,其他动作,,,
1850,weigh,65,高频,称重量、有影响,动作行为,心理活动,,,
1851,elite,65,高频,精英,人类与社会,,,,
1852,trial,65,高频,审判、试用,动作行为,评价与判断,,,
1853,evolve,65,高频,使发展,动作行为,使动与影响,,,
1854,mislead,65,高频,误导,动作行为,使动与影响,,,
1855,distinction,65,高频,区分、卓越,抽象概念,认知与抽象名词,,,
1856,automation,65,高频,自动,科学技术,,,,
1857,craft,65,高频,工艺,科学技术,,,,
1858,plenty,65,高频,丰富、大量,抽象概念,数量与程度,,,
1859,vegetable,65,高频,蔬菜,食物营养,,,,
1860,curriculum,65,高频,课程,教育学习,,,,
1861,flexible,65,高频,灵活的,抽象概念,性质与评价,,,
1862,cat,65,高频,猫,自然环境,,,,
1863,royal,64,高频,皇家的,政治法律,,,,
1864,highlight,64,高频,使显著、强调,动作行为,使动与影响,,,
1865,remark,64,高频,评价、评论,动作行为,心理活动,,,
1866,comparison,64,高频,比较,抽象概念,认知与抽象名词,,,
1867,regulate,64,高频,管理、调节,动作行为,使动与影响,government regulation,,
1868,contrary,64,高频,相反的、对方的,抽象概念,性质与评价,,,
1869,rush,64,高频,冲,动作行为,身体动作,,,
1870,interact,64,高频,互动,动作行为,使动与影响,,,
1871,nervous,64,高频,紧张的,情感心理,,,,
1872,bag,64,高频,包、袋,日常生活,,,,
1873,scheme,64,高频,计划、密谋,动作行为,心理活动,,,
1874,alarm,64,高频,警报,情感心理,,,,
1875,desert,64,高频,遗弃、沙漠,自然环境,,,,
1876,beach,64,高频,海滩,自然环境,,,,
1877,usage,64,高频,使用、用法,抽象概念,认知与抽象名词,,,
1878,exceptional,63,高频,例外的,抽象概念,性质与评价,,,
1879,internal,63,高频,内部的,空间地点,,,,
1880,evil,63,高频,邪恶的、坏的,抽象概念,性质与评价,,,
1881,surround,63,高频,周围,动作行为,身体动作,,,
1882,bottom,63,高频,底下,空间地点,,,,
1883,expansion,63,高频,扩张,抽象概念,认知与抽象名词,,,
1884,whereas,62,高频,然而,抽象概念,逻辑与关系,,,
1885,license,62,高频,执照、许可,教育学习,,,licence,
1886,journey,62,高频,旅行,交通旅行,,,,
1887,anticipate,62,高频,预期、先发制人,动作行为,身体动作,anticipate problems,,
1888,deprive,62,高频,剥夺,动作行为,使动与影响,be deprived of,,
1889,finance,62,高频,财政,商业经济,,,,
1890,absence,62,高频,缺席,抽象概念,认知与抽象名词,,,
1891,guideline,62,高频,指导方针、指导原则,抽象概念,认知与抽象名词,,,
1892,route,62,高频,路线,交通旅行,,,,
1893,whenever,62,高频,无论何时,时间日期,,,,
1894,solid,62,高频,固体的,抽象概念,性质与评价,,,
1895,tap,62,高频,提取、利用,动作行为,身体动作,,,
1896,myself,62,高频,我自己、我亲自,人类与社会,,,,
1897,seed,62,高频,种子、播种,自然环境,,,,
1898,protest,62,高频,抗议,动作行为,社交交互,,,
1899,submit,62,高频,顺从、递交,动作行为,身体动作,,,
1900,musical,62,高频,音乐的、音调优美的,运动娱乐,,,,
1901,journalist,61,高频,记者,职业工作,,,,
1902,judgment,61,高频,裁判,抽象概念,认知与抽象名词,,,
1903,boom,61,高频,繁荣,商业经济,,,,
1904,fairly,61,高频,公正地、相当地,抽象概念,数量与程度,,,
1905,stable,61,高频,稳定的,抽象概念,性质与评价,,,
1906,contest,61,高频,比赛,运动娱乐,,,,
1907,illegal,61,高频,不合法的,政治法律,,,,
1908,zone,61,高频,区域,空间地点,,,,
1909,besides,61,高频,除了之外、而且,抽象概念,逻辑与关系,,,
1910,philosophy,61,高频,哲学,文化宗教,,,,
1911,modify,61,高频,修改、缓和,动作行为,评价与判断,modify behavior,,
1912,rural,61,高频,乡村的,空间地点,,,,
1913,god,61,高频,神、上帝,文化宗教,,,,
1914,reluctant,61,高频,不情愿的、勉强的,情感心理,,be reluctant to do,,
1915,sharp,61,高频,尖的、清晰的,抽象概念,性质与评价,,,
1916,adequate,61,高频,充足的,抽象概念,性质与评价,反义 inadequate,,
1917,milk,61,高频,牛奶,食物营养,,,,
1918,mystery,61,高频,神秘,情感心理,,,,
1919,literacy,61,高频,读写能力,教育学习,,,,
1920,emergency,61,高频,紧急情况,健康医疗,,,,
1921,bridge,61,高频,桥,空间地点,,,,
1922,grass,61,高频,草,自然环境,,,,
1923,slave,60,高频,奴隶,人类与社会,,,,
1924,privilege,60,高频,特权、优先权,情感心理,,,,
1925,restore,60,高频,恢复、归还,动作行为,使动与影响,,,
1926,upset,60,高频,沮丧、难过,动作行为,身体动作,,,
1927,counterpart,60,高频,同行,人类与社会,,,,
1928,accelerate,60,高频,加速,动作行为,使动与影响,,,
1929,era,60,高频,时代,时间日期,,,,
1930,false,60,高频,错误的,抽象概念,性质与评价,,,
1931,uniform,60,高频,统一的、制服,交通旅行,,uniform standards,,
1932,pair,60,高频,一对,人类与社会,,,,
1933,profitable,60,高频,有利可图的,商业经济,,,,
1934,prison,60,高频,监狱,政治法律,,,,
1935,breath,60,高频,呼吸,人类与社会,,,,
1936,barrier,60,高频,障碍,空间地点,,,,
1937,breed,60,高频,养育、繁殖,动作行为,身体动作,,,
1938,painting,60,高频,绘画,运动娱乐,,,,
1939,segment,59,高频,段,日常生活,,,,
1940,dam,59,高频,水坝,自然环境,,,,
1941,infrastructure,59,高频,基础设施,科学技术,,,,
1942,landscape,59,高频,风景,自然环境,,,,
1943,assist,59,高频,援助,动作行为,社交交互,,,
1944,crucial,59,高频,决定性的,抽象概念,性质与评价,play a crucial role,,
1945,fan,59,高频,粉丝、扇子,运动娱乐,,,,
1946,rock,59,高频,岩石、震动,自然环境,,,,
1947,devote,59,高频,奉献,动作行为,其他动作,devote oneself to,,
1948,permanent,59,高频,永恒的,抽象概念,性质与评价,,,
1949,broadcast,59,高频,广播,文化宗教,,,,
1950,desk,59,高频,桌子,日常生活,,,,
1951,greenhouse,59,高频,温室,自然环境,,,,
1952,visual,59,高频,看的,抽象概念,性质与评价,,,
1953,electric,59,高频,电的,科学技术,,,,
1954,luxury,59,高频,奢侈、奢侈品,商业经济,,,,
1955,tall,59,高频,高,抽象概念,性质与评价,,,
1956,entrance,59,高频,入口,空间地点,,,,
1957,snack,59,高频,点心、易办到的事,食物营养,,,,
1958,rat,58,高频,老鼠、卑鄙的人,自然环境,,,,
1959,channel,58,高频,频道、隧道,自然环境,,,,
1960,reply,58,高频,回复,动作行为,社交交互,,,
1961,virtue,58,高频,美德、优点,情感心理,,,,
1962,injury,58,高频,损伤,健康医疗,,,,
1963,remind,58,高频,提醒,动作行为,身体动作,,,
1964,trait,58,高频,特征,情感心理,,,,
1965,counter,58,高频,柜台,日常生活,,,,
1966,evaluate,58,高频,评估,动作行为,评价与判断,evaluate the effectiveness,,
1967,sacrifice,58,高频,牺牲,动作行为,身体动作,,,
1968,tone,58,高频,音调、腔调,情感心理,,,,
1969,minor,58,高频,较小的、较少的,抽象概念,性质与评价,,,
1970,stuff,58,高频,东西、材料、填满,日常生活,,,,
1971,sum,58,高频,总和,商业经济,,,,
1972,cheat,58,高频,作弊、欺骗,动作行为,社交交互,,,
1973,injure,58,高频,使受伤、损害,动作行为,使动与影响,,,
1974,superior,58,高频,优良的、较……多的,抽象概念,性质与评价,,,
1975,tackle,58,高频,处理、应付,动作行为,身体动作,tackle the problem,,
1976,maximum,58,高频,最大的,抽象概念,数量与程度,,,
1977,tuition,58,高频,学费、教学,教育学习,,,,
1978,appointment,58,高频,预约、任命、职位,文化宗教,,,,
1979,ingredient,58,高频,成分,食物营养,,,,
1980,spare,58,高频,空闲的,动作行为,占有与转移,spare time,,
1981,tour,58,高频,旅行,交通旅行,,,,
1982,steel,58,高频,钢,科学技术,,,,
1983,beneath,58,高频,在…之下,空间地点,,,,
1984,discount,58,高频,折扣,商业经济,,,,
1985,trace,57,高频,痕迹、微量,动作行为,身体动作,,,
1986,unfortunately,57,高频,不幸地,抽象概念,数量与程度,,,
1987,laboratory,57,高频,实验室,教育学习,,,,
1988,belt,57,高频,皮带、地带,日常生活,,,,
1989,march,57,高频,行进,动作行为,身体动作,,,
1990,tendency,57,高频,趋势,抽象概念,认知与抽象名词,,,
1991,accomplish,57,高频,完成,动作行为,心理活动,accomplish a goal,,
1992,ruin,57,高频,毁灭,动作行为,使动与影响,,,
1993,entertain,57,高频,娱乐,动作行为,使动与影响,,,
1994,hall,57,高频,大厅,日常生活,,,,
1995,regret,57,高频,遗憾、后悔,动作行为,身体动作,,,
1996,furniture,57,高频,家具,日常生活,,,,
1997,ride,57,高频,骑,动作行为,身体动作,,,
1998,terrible,57,高频,很糟的、可怕的,情感心理,,,,
1999,coast,57,高频,海岸、沿岸航行,自然环境,,,,
2000,camera,57,高频,照相机,科学技术,,,,
2001,obstacle,57,高频,障碍,抽象概念,认知与抽象名词,,,
2002,finger,57,高频,手指,人类与社会,,,,
2003,interval,57,高频,间隔、休息,时间日期,,,,
2004,constitute,56,高频,组成、建立,动作行为,身体动作,constitute a threat,,
2005,northern,56,高频,北方的,空间地点,,,,
2006,aggressive,56,高频,好斗的、有侵略性的,情感心理,,,,
2007,influential,56,高频,有影响的、权势的,情感心理,,,,
2008,radical,56,高频,根本的、彻底的,抽象概念,性质与评价,radical change,,
2009,abuse,56,高频,滥用、虐待,动作行为,其他动作,,,
2010,southern,56,高频,南方的,空间地点,,,,
2011,elementary,56,高频,初等的、简单的,教育学习,,,,
2012,motor,56,高频,发动机,科学技术,,,,
2013,reporter,56,高频,报告人,职业工作,,,,
2014,commerce,56,高频,商业、交易,商业经济,,,,
2015,strain,56,高频,使紧张、拉紧,动作行为,身体动作,,,
2016,resolve,56,高频,解决、决定,动作行为,使动与影响,,,
2017,thrive,56,高频,繁荣,动作行为,其他动作,,,
2018,excuse,56,高频,借口,动作行为,社交交互,,,
2019,profound,56,高频,深刻的,抽象概念,性质与评价,a profound influence,,
2020,soldier,56,高频,士兵,职业工作,,,,
2021,valid,56,高频,合理的,抽象概念,性质与评价,,,
2022,wood,56,高频,木头、森林,自然环境,,,,
2023,embrace,56,高频,拥抱、接受,动作行为,身体动作,embrace change,,
2024,lucky,56,高频,幸运的,情感心理,,,,
2025,tiny,56,高频,极小的,抽象概念,数量与程度,,,
2026,breathe,56,高频,呼吸,动作行为,身体动作,,,
2027,prime,56,高频,最初的、首要的,抽象概念,性质与评价,,,
2028,camp,56,高频,营地,运动娱乐,,,,
2029,flower,56,高频,花朵,自然环境,,,,
2030,flood,56,高频,洪水、涌进,自然环境,,,,
2031,village,56,高频,村,空间地点,,,,
2032,destruction,56,高频,破坏,自然环境,,,,
2033,bond,56,高频,纽带,商业经济,,,,
2034,weapon,56,高频,武器,政治法律,,,,
2035,salt,56,高频,盐、腌,食物营养,,,,
2036,dioxide,55,高频,二氧化物,科学技术,,,,
2037,gamble,55,高频,赌博、投机,动作行为,身体动作,,,
2038,conservative,55,高频,保守,情感心理,,,,
2039,panel,55,高频,面板,日常生活,,,,
2040,prejudice,55,高频,偏见、损害,情感心理,,,,
2041,honor,55,高频,荣耀,情感心理,,,honour,
2042,vitamin,55,高频,维生素,食物营养,,,,
2043,transaction,55,高频,交易、业务,商业经济,,,,
2044,relief,55,高频,如释重负,情感心理,,,,
2045,civil,55,高频,公民的,政治法律,,,,
2046,mirror,55,高频,镜子,日常生活,,,,
2047,costly,55,高频,昂贵的,商业经济,,,,
2048,plus,55,高频,加上、正的,抽象概念,逻辑与关系,,,
2049,chip,55,高频,薯片、芯片,科学技术,,,,
2050,insert,55,高频,插入,动作行为,身体动作,,,
2051,boat,55,高频,船,交通旅行,,,,
2052,quote,54,高频,引用,动作行为,其他动作,,,
2053,chairman,54,高频,主席,职业工作,,,,
2054,latter,54,高频,后者,抽象概念,性质与评价,,,
2055,trap,54,高频,困住,动作行为,使动与影响,,,
2056,bias,54,高频,偏见、偏重,情感心理,,,,
2057,photograph,54,高频,照片,运动娱乐,,,,
2058,rival,54,高频,竞争,人类与社会,,,,
2059,disorder,54,高频,混乱、骚乱,健康医疗,,,,
2060,blind,54,高频,失明的,健康医疗,,,,
2061,onto,54,高频,在上面、到上面,空间地点,,,,
2062,proud,54,高频,骄傲,情感心理,,,,
2063,relieve,54,高频,缓解、救济,动作行为,其他动作,,,
2064,tobacco,54,高频,烟草,食物营养,,,,
2065,construct,54,高频,建造、创立,动作行为,身体动作,,,
2066,encounter,54,高频,偶遇,动作行为,其他动作,encounter difficulties,,
2067,overwhelm,54,高频,征服,动作行为,身体动作,,,
2068,sponsor,54,高频,赞助、资助,动作行为,起始与终止,,,
2069,truck,54,高频,卡车,交通旅行,,,,
2070,equip,54,高频,装备,动作行为,身体动作,,,
2071,initial,54,高频,起初的,抽象概念,性质与评价,,,
2072,favorite,54,高频,最爱的,情感心理,,,favourite,
2073,instant,54,高频,时刻、立刻,时间日期,,,,
2074,minimum,54,高频,最低的,抽象概念,数量与程度,,,
2075,neighbor,54,高频,邻居,人类与社会,,,neighbour,
2076,neighborhood,54,高频,小区、社区,空间地点,,,neighbourhood,
2077,principal,54,高频,最重要的、负责人,教育学习,,the principal reason,,
2078,proof,54,高频,证据,抽象概念,认知与抽象名词,,,
2079,file,54,高频,文件,教育学习,,,,
2080,investigate,54,高频,调查,动作行为,其他动作,,,
2081,package,54,高频,包裹,日常生活,,,,
2082,genuine,54,高频,真的、真诚的,抽象概念,性质与评价,genuine concern,,
2083,concert,54,高频,音乐会,运动娱乐,,,,
2084,helicopter,53,高频,直升机,交通旅行,,,,
2085,amateur,53,高频,业余爱好者、外行,运动娱乐,,,,
2086,exception,53,高频,例外,抽象概念,认知与抽象名词,,,
2087,incident,53,高频,事件,时间日期,,,,
2088,permit,53,高频,允许,动作行为,社交交互,,,
2089,core,53,高频,核心,人类与社会,,,,
2090,unexpected,53,高频,想不到的,抽象概念,性质与评价,,,
2091,barely,53,高频,几乎不,抽象概念,数量与程度,,,
2092,anywhere,53,高频,在任何地方,空间地点,,,,
2093,fellow,53,高频,同事、同辈,人类与社会,,,,
2094,found,53,高频,创立、建立,动作行为,身体动作,,,
2095,occupation,53,高频,占领、职业,职业工作,,,,
2096,opponent,53,高频,对手,人类与社会,,,,
2097,army,53,高频,军队、陆军,政治法律,,,,
2098,delivery,53,高频,递送、分娩,商业经济,,,,
2099,stretch,53,高频,伸展、延伸,动作行为,身体动作,,,
2100,alert,53,高频,警报,情感心理,,,,
2101,keen,53,高频,热忱的,情感心理,,,,
2102,theft,53,高频,偷窃,政治法律,,,,
2103,ethnic,53,高频,民族的,文化宗教,,,,
2104,historian,52,高频,历史学家,职业工作,,,,
2105,supreme,52,高频,最高的、最优的,抽象概念,性质与评价,,,
2106,restrict,52,高频,限制,动作行为,使动与影响,restrict access to,,
2107,democratic,52,高频,民主的,政治法律,,,,
2108,compensate,52,高频,补偿,动作行为,占有与转移,,,
2109,thin,52,高频,薄的、稀薄的,抽象概念,性质与评价,,,
2110,anxious,52,高频,焦虑的,情感心理,,,,
2111,admire,52,高频,钦佩、羡慕、欣赏,情感心理,,,,
2112,guard,52,高频,保卫,动作行为,身体动作,,,
2113,intention,52,高频,意图、打算,情感心理,,,,
2114,lean,52,高频,倾斜、倚靠、瘦的,动作行为,身体动作,lean production,,
2115,generous,52,高频,慷慨的,情感心理,,,,
2116,honest,52,高频,诚实的,情感心理,,,,
2117,shoulder,52,高频,肩膀,人类与社会,,,,
2118,inner,52,高频,内部的、内心的,空间地点,,,,
2119,resist,52,高频,抵挡、抵抗,动作行为,社交交互,,,
2120,sky,52,高频,天空,自然环境,,,,
2121,artistic,52,高频,艺术的,文化宗教,,,,
2122,marine,52,高频,海的、船舶的,自然环境,,,,
2123,sensible,52,高频,明智的,情感心理,,a sensible decision,,
2124,legislation,51,高频,立法,政治法律,,,,
2125,owe,51,高频,欠、归因于,动作行为,社交交互,,,
2126,theatre,51,高频,电影院、戏剧,运动娱乐,,,theater,
2127,controversy,51,高频,争论,政治法律,,,,
2128,venture,51,高频,冒险、敢于,动作行为,评价与判断,,,
2129,ray,51,高频,光线、射线,自然环境,,,,
2130,frequent,51,高频,常常,时间日期,,,,
2131,modest,51,高频,谦虚的,情感心理,,,,
2132,personnel,51,高频,员工、人事部门,职业工作,,,,
2133,collapse,51,高频,倒塌,动作行为,其他动作,,,
2134,angry,51,高频,生气的,情感心理,,,,
2135,extensive,51,高频,广泛的,抽象概念,性质与评价,,,
2136,resort,51,高频,度假村、被迫采取,动作行为,身体动作,,,
2137,assistance,51,高频,帮助,情感心理,,,,
2138,insect,51,高频,昆虫,自然环境,,,,
2139,insight,51,高频,洞察力,情感心理,,,,
2140,metal,51,高频,金属,科学技术,,,,
2141,nearby,51,高频,附近的,空间地点,,,,
2142,exciting,51,高频,令人兴奋的,情感心理,,,,
2143,freeze,51,高频,冻结,动作行为,其他动作,,,
2144,lake,51,高频,湖,自然环境,,,,
2145,flat,51,高频,水平的、公寓,日常生活,,,,
2146,lend,51,高频,借出,动作行为,占有与转移,,,
2147,consult,51,高频,咨询,动作行为,身体动作,,,
2148,interrupt,51,高频,中断、打断,动作行为,身体动作,,,
2149,dictation,51,高频,听写,教育学习,,,,
2150,shall,50,高频,将要,动作行为,其他动作,,,
2151,delight,50,高频,高兴,情感心理,,,,
2152,genius,50,高频,天才,情感心理,,,,
2153,distant,50,高频,远的,空间地点,,,,
2154,diverse,50,高频,多种多样的,抽象概念,性质与评价,cultural diversity,,
2155,fortune,50,高频,命运、财产,商业经济,,,,
2156,victory,50,高频,胜利,政治法律,,,,
2157,feedback,50,高频,反馈,科学技术,,,,
2158,arouse,50,高频,唤醒、激发,动作行为,身体动作,,,
2159,sad,50,高频,悲伤的,情感心理,,,,
2160,theme,50,高频,主题,文化宗教,,,,
2161,square,50,高频,正方形,空间地点,,,,
2162,defense,50,高频,防卫,政治法律,,,defence,
2163,facilitate,50,高频,促进,动作行为,身体动作,facilitate communication,,
2164,soft,50,高频,软的,抽象概念,性质与评价,,,
2165,combination,50,高频,结合,抽象概念,认知与抽象名词,,,
2166,shake,50,高频,摇,动作行为,身体动作,,,
2167,sophisticated,50,高频,世故的、复杂的,情感心理,,sophisticated technology,,
2168,monkey,49,高频,猴子,自然环境,,,,
2169,database,49,高频,数据库,科学技术,,,,
2170,convention,49,高频,习俗、会议,文化宗教,,,,
2171,enterprise,49,高频,企业、事业,商业经济,,,enterprize,
2172,temporary,49,高频,临时的,时间日期,,,,
2173,dependent,49,高频,依靠的、取决于……的,抽象概念,性质与评价,,,
2174,wise,49,高频,有智慧的、英明的,情感心理,,,wize,
2175,remarkable,49,高频,值得注意的,抽象概念,性质与评价,,,
2176,horse,49,高频,马,自然环境,,,,
2177,quantity,49,高频,数量、数额,抽象概念,数量与程度,,,
2178,fatal,49,高频,致命的、宿命的,健康医疗,,,,
2179,lobby,49,高频,游说、门廊,日常生活,,,,
2180,calm,49,高频,冷静、镇定,情感心理,,,,
2181,contemporary,49,高频,同时代的、现代的,时间日期,,,,
2182,prevail,49,高频,流行、占优势,动作行为,身体动作,the prevailing view,,
2183,trick,49,高频,诡计、技巧,动作行为,社交交互,,,
2184,cautious,49,高频,谨慎的,情感心理,,,,
2185,convert,49,高频,转变,动作行为,变化趋势,,,
2186,curious,49,高频,好奇的,情感心理,,a curious fact,,
2187,bury,49,高频,埋,动作行为,身体动作,,,
2188,drought,49,高频,旱灾,自然环境,,,,
2189,pool,49,高频,池塘,自然环境,,,,
2190,assure,49,高频,使确信、担保,动作行为,心理活动,,,
2191,edition,49,高频,版本,教育学习,,,,
2192,induce,49,高频,引诱、引起,动作行为,使动与影响,,,
2193,portion,49,高频,部分,日常生活,,,,
2194,classmate,49,高频,同学,人类与社会,,,,
2195,grand,49,高频,宏伟的,抽象概念,性质与评价,,,
2196,shed,49,高频,脱去、棚,动作行为,身体动作,,,
2197,pride,48,高频,自豪、自满,情感心理,,,,
2198,soccer,48,高频,足球,运动娱乐,,,,
2199,sympathy,48,高频,同情,情感心理,,,,
2200,mechanism,48,高频,机制、方法,科学技术,,,,
2201,ownership,48,高频,所有,商业经济,,,,
2202,originate,48,高频,发源、开创,动作行为,其他动作,,,
2203,aircraft,48,高频,航空器,交通旅行,,,,
2204,ethic,48,高频,伦理,抽象概念,认知与抽象名词,,,
2205,external,48,高频,外部的,空间地点,,,,
2206,universal,48,高频,普遍的、宇宙的,抽象概念,性质与评价,,,
2207,react,48,高频,反应,动作行为,社交交互,,,
2208,representative,48,高频,代表、有代表性的,人类与社会,,,,
2209,substantial,48,高频,大量的,抽象概念,性质与评价,substantial evidence,,
2210,qualification,48,高频,资格,抽象概念,认知与抽象名词,,,
2211,retain,48,高频,保留,动作行为,起始与终止,retain talent,,
2212,mouth,48,高频,嘴,人类与社会,,,,
2213,poll,48,高频,投票,政治法律,,,,
2214,via,48,高频,经过,空间地点,,,,
2215,myth,48,高频,神话,文化宗教,,,,
2216,stability,48,高频,稳定,抽象概念,认知与抽象名词,,,
2217,taxi,48,高频,出租车,交通旅行,,,,
2218,slip,48,高频,滑,动作行为,身体动作,,,
2219,pocket,48,高频,口袋,日常生活,,,,
2220,fossil,48,高频,化石,自然环境,,,,
2221,lady,48,高频,女士,人类与社会,,,,
2222,roll,48,高频,滚动、卷,动作行为,身体动作,,,
2223,forum,48,高频,论坛,文化宗教,,,,
2224,preparation,48,高频,准备,动作行为,身体动作,,,
2225,luck,48,高频,运气、好运,情感心理,,,,
2226,scholarship,48,高频,奖学金、学问,教育学习,,,,
2227,rail,47,高频,栏杆、铁轨,空间地点,,rail against,,
2228,dean,47,高频,院长、主任,教育学习,,,,
2229,overlook,47,高频,俯瞰、忽略,动作行为,身体动作,overlook the importance,,
2230,defend,47,高频,保卫、防守,动作行为,社交交互,,,
2231,dismiss,47,高频,解散,动作行为,心理活动,,,
2232,reinforce,47,高频,加强,动作行为,变化趋势,reinforce the idea,,
2233,bother,47,高频,打扰,动作行为,身体动作,,,
2234,overcome,47,高频,克服,动作行为,其他动作,,,
2235,academy,47,高频,学院,教育学习,,,,
2236,supermarket,47,高频,超级市场,商业经济,,,,
2237,ambitious,47,高频,有雄心的、艰巨的,情感心理,,,,
2238,roof,47,高频,屋顶,日常生活,,,,
2239,thief,47,高频,小偷,政治法律,,,,
2240,accumulate,47,高频,积累,动作行为,变化趋势,,,
2241,lonely,47,高频,孤独地,情感心理,,,,
2242,gallon,47,高频,加仑,科学技术,,,,
2243,tutor,47,高频,导师,职业工作,,,,
2244,railway,46,高频,铁路,交通旅行,,,,
2245,integrate,46,高频,整合,动作行为,使动与影响,integrate into,,
2246,exclude,46,高频,不包括,动作行为,评价与判断,exclude the possibility,,
2247,casual,46,高频,随意的,抽象概念,性质与评价,,,
2248,orient,46,高频,东方、定位、使适应,动作行为,使动与影响,,,
2249,component,46,高频,组成部分,科学技术,,,,
2250,dozen,46,高频,一打,商业经济,,,,
2251,prosperity,46,高频,繁荣,商业经济,,,,
2252,badly,46,高频,糟糕、严重地、非常,抽象概念,性质与评价,,,
2253,diminish,46,高频,削弱、贬低,动作行为,身体动作,diminishing returns,,
2254,imitate,46,高频,模仿、仿造,动作行为,其他动作,,,
2255,intense,46,高频,强烈的、热烈的,抽象概念,性质与评价,intense competition,,
2256,occupy,46,高频,占据,动作行为,使动与影响,,,
2257,distribute,46,高频,分发、分配,动作行为,变化趋势,,,
2258,phase,46,高频,阶段,抽象概念,认知与抽象名词,,,
2259,intensive,46,高频,密集的,抽象概念,性质与评价,,,
2260,revise,46,高频,修改,动作行为,评价与判断,,revize,
2261,straight,46,高频,直接的,抽象概念,性质与评价,,,
2262,exceed,46,高频,超过、越过,动作行为,变化趋势,exceed expectations,,
2263,glance,46,高频,一瞥,动作行为,身体动作,,,
2264,implement,46,高频,实施、工具,动作行为,其他动作,implement a policy,,
2265,chronic,46,高频,慢性的、长期的,健康医疗,,,,
2266,cup,46,高频,杯子,日常生活,,,,
2267,pension,46,高频,养老金,商业经济,,,,
2268,storm,46,高频,风暴,自然环境,,,,
2269,sink,46,高频,下沉,动作行为,身体动作,,,
2270,beneficial,46,高频,有益的,抽象概念,性质与评价,be beneficial to,,
2271,load,46,高频,装货、装载,动作行为,身体动作,,,
2272,romantic,46,高频,浪漫的、不切实际的,情感心理,,,,
2273,shelf,46,高频,架子,日常生活,,,,
2274,destination,46,高频,目的地,交通旅行,,,,
2275,accompany,46,高频,陪伴、为……伴奏,动作行为,其他动作,,,
2276,lock,46,高频,锁,动作行为,其他动作,,,
2277,jury,45,高频,陪审团,政治法律,,,,
2278,humor,45,高频,幽默、诙谐,情感心理,,,humour,
2279,desirable,45,高频,称心的、可取的,抽象概念,性质与评价,,,
2280,motion,45,高频,动、提议,动作行为,身体动作,,,
2281,storage,45,高频,储存、库房,日常生活,,,,
2282,commodity,45,高频,商品,商业经济,,,,
2283,negotiate,45,高频,谈判、协商,动作行为,社交交互,,,
2284,compromise,45,高频,妥协,动作行为,身体动作,,compromize,
2285,endure,45,高频,忍受、持久,动作行为,起始与终止,enduring value,,
2286,immune,45,高频,免疫,健康医疗,,be immune to,,
2287,pleasant,45,高频,愉快的,情感心理,,,,
2288,celebrate,45,高频,庆祝,文化宗教,,,,
2289,command,45,高频,命令,动作行为,身体动作,,,
2290,span,45,高频,跨度,空间地点,,,,
2291,norm,45,高频,规范,抽象概念,认知与抽象名词,,,
2292,hazard,45,高频,危险,健康医疗,,,,
2293,joint,45,高频,共同的、关节,人类与社会,,,,
2294,clerk,45,高频,职员,职业工作,,,,
2295,arrest,45,高频,逮捕,政治法律,,,,
2296,dictionary,45,高频,词典,教育学习,,,,
2297,hate,45,高频,讨厌,情感心理,,,,
2298,magic,45,高频,魔法,文化宗教,,,,
2299,numerous,45,高频,许多的,抽象概念,数量与程度,,,
2300,shoot,45,高频,射击,动作行为,身体动作,,,
2301,song,45,高频,歌曲,运动娱乐,,,,
2302,knit,45,高频,编织、针织,动作行为,身体动作,,,
2303,reading,45,高频,读物、读数,教育学习,,,,
2304,philosopher,44,高频,哲学家,文化宗教,,,,
2305,stranger,44,高频,陌生人,人类与社会,,,,
2306,obscure,44,高频,不为人知、晦涩难懂,抽象概念,性质与评价,obscure the fact,,
2307,faith,44,高频,信心、信仰,情感心理,,,,
2308,shock,44,高频,震惊,动作行为,身体动作,,,
2309,strive,44,高频,努力、斗争,动作行为,其他动作,,,
2310,grasp,44,高频,抓住,动作行为,身体动作,,,
2311,passion,44,高频,热情,情感心理,,,,
2312,settlement,44,高频,解决、移民地,政治法律,,,,
2313,sudden,44,高频,突然的,抽象概念,性质与评价,,,
2314,biology,44,高频,生物学,科学技术,,,,
2315,parliament,44,高频,原谅、国会,政治法律,,,,
2316,map,44,高频,地图,空间地点,,,,
2317,penalty,44,高频,处罚,政治法律,,,,
2318,tooth,44,高频,牙齿,人类与社会,,,,
2319,yesterday,44,高频,昨天,时间日期,,,,
2320,distract,44,高频,使转向、使分心,动作行为,身体动作,,,
2321,enemy,44,高频,敌人,政治法律,,,,
2322,abstract,44,高频,抽象的、摘要,抽象概念,认知与抽象名词,反义 concrete,,
2323,automobile,44,高频,汽车,交通旅行,,,,
2324,hungry,44,高频,饥饿的,情感心理,,,,
2325,motivate,44,高频,激发,动作行为,使动与影响,,,
2326,possession,44,高频,所有物、财产,商业经济,,,,
2327,rescue,44,高频,拯救,动作行为,其他动作,,,
2328,calculate,44,高频,计算,科学技术,,,,
2329,lane,44,高频,小路、泳道,空间地点,,,,
2330,lift,44,高频,提起,动作行为,身体动作,,,
2331,assembly,44,高频,集合、装配,政治法律,,,,
2332,rid,44,高频,摆脱,动作行为,身体动作,,,
2333,upper,44,高频,上面的、较高的,空间地点,,,,
2334,pet,44,高频,宠物,自然环境,,,,
2335,dish,44,高频,碟子,日常生活,,,,
2336,chart,43,高频,图表,科学技术,,,,
2337,arrival,43,高频,到达,时间日期,,,,
2338,kingdom,43,高频,王国,政治法律,,,,
2339,compose,43,高频,组成、作曲、撰写,动作行为,其他动作,,,
2340,readily,43,高频,快捷地、乐意地,抽象概念,数量与程度,,,
2341,cloud,43,高频,云,自然环境,,,,
2342,interfere,43,高频,妨碍、介入,动作行为,身体动作,,,
2343,poet,43,高频,诗人,文化宗教,,,,
2344,soul,43,高频,精神、灵魂,文化宗教,,,,
2345,alive,43,高频,活着的,自然环境,,,,
2346,exert,43,高频,用、运用,动作行为,身体动作,,,
2347,pioneer,43,高频,先驱,职业工作,,,,
2348,punish,43,高频,惩罚,动作行为,其他动作,,,
2349,alike,43,高频,与…相似,抽象概念,性质与评价,,,
2350,interference,43,高频,干涉,抽象概念,认知与抽象名词,,,
2351,plain,43,高频,平的、朴素的,自然环境,,,,
2352,anger,43,高频,怒气、使发怒,情感心理,,,,
2353,tiger,43,高频,老虎,自然环境,,,,
2354,menu,43,高频,菜单,食物营养,,,,
2355,pilot,43,高频,飞行员,职业工作,,,,
2356,violent,43,高频,暴力的,政治法律,,,,
2357,bore,43,高频,使厌烦、钻孔,动作行为,其他动作,,,
2358,update,43,高频,更新,动作行为,使动与影响,,,
2359,cream,43,高频,奶油,食物营养,,,,
2360,ton,43,高频,吨、大量,科学技术,,,,
2361,bomb,43,高频,炸弹,政治法律,,,,
2362,soda,43,高频,苏打,食物营养,,,,
2363,random,42,高频,随机的,抽象概念,性质与评价,,,
2364,output,42,高频,产量、输出,商业经济,,,,
2365,prolong,42,高频,延长,动作行为,身体动作,,,
2366,approval,42,高频,赞成,情感心理,,,,
2367,extension,42,高频,延伸,抽象概念,认知与抽象名词,,,
2368,surgery,42,高频,外科手术,健康医疗,,,,
2369,shut,42,高频,关上,动作行为,其他动作,,,
2370,ring,42,高频,响起,动作行为,身体动作,,,
2371,platform,42,高频,平台,空间地点,,,,
2372,enforce,42,高频,强迫,动作行为,使动与影响,enforce the law,,
2373,battery,42,高频,电池,科学技术,,,,
2374,convenience,42,高频,便利,抽象概念,认知与抽象名词,,,
2375,silicon,42,高频,硅,科学技术,,,,
2376,impress,42,高频,留下印象,动作行为,其他动作,,,
2377,hunger,42,高频,饥饿、渴望,情感心理,,,,
2378,rice,42,高频,稻、大米,食物营养,,,,
2379,tragedy,42,高频,悲剧,文化宗教,,,,
2380,policeman,42,高频,警察,职业工作,,,,
2381,fatigue,42,高频,疲劳,健康医疗,,,,
2382,wheat,42,高频,小麦,食物营养,,,,
2383,formation,41,高频,形成,抽象概念,认知与抽象名词,,,
2384,draft,41,高频,草稿、起草,动作行为,其他动作,,draught,
2385,dominant,41,高频,支配的,抽象概念,性质与评价,a dominant position,,
2386,verb,41,高频,动词,教育学习,,,,
2387,epidemic,41,高频,流行性的、流行病,健康医疗,,,,
2388,impulse,41,高频,冲动,抽象概念,认知与抽象名词,,,
2389,shelter,41,高频,庇护所,自然环境,,,,
2390,subtle,41,高频,微妙的、细微的,抽象概念,性质与评价,a subtle difference,,
2391,forth,41,高频,向前、离开、产生、拿出,空间地点,,,,
2392,oblige,41,高频,强迫,动作行为,使动与影响,,,
2393,spouse,41,高频,配偶,人类与社会,,,,
2394,tension,41,高频,张力、紧张,情感心理,,,,
2395,bargain,41,高频,廉价货、交易,商业经济,,,,
2396,chicken,41,高频,小鸡,食物营养,,,,
2397,comprehensive,41,高频,广泛的、全部的,抽象概念,性质与评价,comprehensive reform,,
2398,limitation,41,高频,限制,抽象概念,认知与抽象名词,,,
2399,weekly,41,高频,每周的、周刊,时间日期,,,,
2400,foster,41,高频,培养、培育,动作行为,使动与影响,,,
2401,nutrition,41,高频,营养,食物营养,,,,
2402,suburb,41,高频,市郊,空间地点,,,,
2403,foreigner,41,高频,外国人,人类与社会,,,,
2404,boundary,41,高频,界限,空间地点,,,,
2405,conform,41,高频,符合、遵照,动作行为,使动与影响,,,
2406,exploit,41,高频,开发、利用,动作行为,其他动作,exploit resources,,
2407,gesture,41,高频,手势、姿态,动作行为,身体动作,,,
2408,obligation,41,高频,义务,情感心理,,,,
2409,sweet,41,高频,甜的,食物营养,,,,
2410,absent,41,高频,不在场的、漫不经心的,抽象概念,性质与评价,,,
2411,deficit,41,高频,赤字,商业经济,,,,
2412,mode,40,高频,模式、状态,抽象概念,认知与抽象名词,,,
2413,crude,40,高频,粗鲁的、简陋的,抽象概念,性质与评价,,,
2414,mechanical,40,高频,机械的,科学技术,,,,
2415,govern,40,高频,统治、决定,动作行为,心理活动,,,
2416,evident,40,高频,明显的,抽象概念,性质与评价,it is evident that,,
2417,explosion,40,高频,爆炸,自然环境,,,,
2418,render,40,高频,使得、给予,动作行为,身体动作,,,
2419,layer,40,高频,层,科学技术,,,,
2420,melt,40,高频,融化、溶解,动作行为,使动与影响,,,
2421,caution,40,高频,谨慎、警告,情感心理,,,,
2422,transmit,40,高频,传送、发射,动作行为,变化趋势,,,
2423,automatic,40,高频,自动的,科学技术,,,,
2424,globe,40,高频,球体、地球,自然环境,,,,
2425,division,40,高频,分开、部门,抽象概念,认知与抽象名词,,,
2426,proceed,40,高频,继续进行,动作行为,起始与终止,,,
2427,compel,40,高频,迫使,动作行为,使动与影响,,,
2428,primitive,40,高频,原始的、简单的,抽象概念,性质与评价,,,
2429,steady,40,高频,稳定的,抽象概念,性质与评价,,,
2430,territory,40,高频,领土、领域,空间地点,,,,
2431,gallery,40,高频,画廊、长廊,文化宗教,,,,
2432,lower,40,高频,较低的、下级的,动作行为,其他动作,,,
2433,maintenance,40,高频,维护,动作行为,起始与终止,,,
2434,corner,40,高频,角落,空间地点,,,,
2435,pop,40,高频,流行的、突然出现,运动娱乐,,,,
2436,somewhere,40,高频,在某处,空间地点,,,,
2437,accuse,40,高频,控告,动作行为,社交交互,,,
2438,neutral,40,高频,中立的、中性的,政治法律,,,,
2439,renew,40,高频,更新、补充,动作行为,使动与影响,,,
2440,fifteen,40,高频,十五,时间日期,,,,
2441,harvest,40,高频,收获,自然环境,,,,
2442,mouse,40,高频,鼠,自然环境,,,,
2443,fox,40,高频,狐狸,自然环境,,,,
2444,liquid,40,高频,液体,科学技术,,,,
2445,ancestor,39,常见,祖先,人类与社会,,,,
2446,triumph,39,常见,胜利,动作行为,其他动作,,,
2447,folk,39,常见,民间音乐、人们,人类与社会,,,,
2448,guilty,39,常见,内疚,情感心理,,,,
2449,permission,39,常见,允许、许可,情感心理,,,,
2450,pour,39,常见,倾倒,动作行为,身体动作,,por,
2451,equivalent,39,常见,相同的,抽象概念,性质与评价,,,
2452,ultimate,39,常见,终极,抽象概念,性质与评价,,,
2453,excess,39,常见,过剩、过量,商业经济,,,,
2454,stream,39,常见,溪流、流淌,自然环境,,,,
2455,vice,39,常见,恶习、邪恶、缺点,政治法律,,,vise,
2456,coal,39,常见,煤,自然环境,,,,
2457,setback,39,常见,挫折,抽象概念,认知与抽象名词,,,
2458,deadline,39,常见,最后期限,时间日期,,,,
2459,spelling,39,常见,拼写,教育学习,,,,
2460,hinder,39,常见,阻碍,动作行为,社交交互,hinder progress,,
2461,ear,39,常见,耳朵,人类与社会,,,,
2462,session,39,常见,会议、阶段,教育学习,,,,
2463,fond,39,常见,喜欢,情感心理,,,,
2464,musician,39,常见,音乐家,职业工作,,,,
2465,narrative,39,常见,叙述,文化宗教,,,,
2466,classic,39,常见,传统的、古典的,文化宗教,,,,
2467,dislike,39,常见,不喜欢,情感心理,,,,
2468,semester,39,常见,学期,教育学习,,,,
2469,province,38,常见,省,空间地点,,in the province of,,
2470,column,38,常见,列,教育学习,,,,
2471,hence,38,常见,因此,抽象概念,逻辑与关系,,,
2472,celebrity,38,常见,名人,文化宗教,,,,
2473,prior,38,常见,优先的、在前的,抽象概念,性质与评价,,,
2474,forever,38,常见,永远,时间日期,,,,
2475,machinery,38,常见,机械,科学技术,,,,
2476,census,38,常见,人口普查,政治法律,,,,
2477,fade,38,常见,消退、消逝,动作行为,变化趋势,,,
2478,addict,38,常见,上瘾,健康医疗,,,,
2479,anyway,38,常见,无论如何,抽象概念,逻辑与关系,,,
2480,tolerant,38,常见,宽容的,情感心理,,,,
2481,architecture,38,常见,结构,文化宗教,,,,
2482,curb,38,常见,抑制,动作行为,社交交互,,kerb,
2483,entrepreneur,38,常见,企业家,职业工作,,,,
2484,forecast,38,常见,预测,科学技术,,,,
2485,controversial,38,常见,有争议的,抽象概念,性质与评价,a controversial issue,,
2486,ladder,38,常见,梯子,日常生活,,,,
2487,moon,38,常见,月球、月亮,自然环境,,,,
2488,oppose,38,常见,反对,动作行为,社交交互,,,
2489,subsidy,38,常见,津贴,商业经济,,,,
2490,confusion,38,常见,混乱,抽象概念,认知与抽象名词,,,
2491,enthusiasm,38,常见,热情,情感心理,,,,
2492,somehow,38,常见,以某种方式,抽象概念,逻辑与关系,,,
2493,birthday,38,常见,生日,时间日期,,,,
2494,inferior,38,常见,下级、较差的,抽象概念,性质与评价,,,
2495,fake,38,常见,伪造、假的,抽象概念,性质与评价,,,
2496,frequency,38,常见,频率,时间日期,,,,
2497,pile,38,常见,堆,日常生活,,,,
2498,realistic,38,常见,现实的,情感心理,,,,
2499,therapy,38,常见,治疗,健康医疗,,,,
2500,dirty,38,常见,脏的,自然环境,,,,
2501,disturb,38,常见,打扰,动作行为,使动与影响,,,
2502,biography,38,常见,传记,文化宗教,,,,
2503,outstanding,38,常见,杰出的,抽象概念,性质与评价,,,
2504,tower,38,常见,塔,空间地点,,,,
2505,wedding,38,常见,婚礼,文化宗教,,,,
2506,painful,37,常见,痛苦的,健康医疗,,,,
2507,confine,37,常见,限制,动作行为,使动与影响,,,
2508,assemble,37,常见,装配、召集,动作行为,身体动作,,,
2509,colony,37,常见,殖民地,政治法律,,,,
2510,wheel,37,常见,轮子,交通旅行,,,,
2511,literally,37,常见,逐字地、简直,抽象概念,数量与程度,,,
2512,worthy,37,常见,有价值的、值得的,抽象概念,性质与评价,,,
2513,crack,37,常见,裂缝,动作行为,身体动作,,,
2514,panic,37,常见,惊慌的,情感心理,,,,
2515,upgrade,37,常见,升级,动作行为,身体动作,,,
2516,supplement,37,常见,补充,动作行为,其他动作,,,
2517,till,37,常见,直到……为止,时间日期,,,,
2518,compound,37,常见,化合物,科学技术,,,,
2519,decorate,37,常见,装饰,动作行为,身体动作,,,
2520,rough,37,常见,粗糙的,抽象概念,性质与评价,,,
2521,scope,37,常见,范围,抽象概念,认知与抽象名词,,,
2522,advertise,37,常见,打广告,商业经济,,,advertize,
2523,fancy,37,常见,幻想、想象,情感心理,,,,
2524,sympathetic,37,常见,同情的,情感心理,,,,
2525,clever,37,常见,聪明的,情感心理,,,,
2526,fashionable,37,常见,时髦的,交通旅行,,,,
2527,hurry,37,常见,匆忙的,动作行为,其他动作,,,
2528,organism,37,常见,有机体,自然环境,,,,
2529,loyalty,37,常见,忠诚,情感心理,,,,
2530,prohibit,37,常见,禁止,动作行为,社交交互,prohibit sb. from doing,,
2531,alliance,37,常见,联盟,政治法律,,,,
2532,copyright,37,常见,版权,商业经济,,,,
2533,expertise,37,常见,专业知识,科学技术,,,expertize,
2534,leg,37,常见,腿,人类与社会,,,,
2535,spite,37,常见,恶意、怨恨,情感心理,,,,
2536,suicide,36,常见,自杀,政治法律,,,,
2537,acquisition,36,常见,收购、习得,抽象概念,认知与抽象名词,,,
2538,pole,36,常见,杆,空间地点,,,,
2539,democracy,36,常见,民主,政治法律,,,,
2540,consequently,36,常见,因此,抽象概念,逻辑与关系,,,
2541,fame,36,常见,名声,情感心理,,,,
2542,fulfil,36,常见,履行,动作行为,使动与影响,,fulfill,
2543,logical,36,常见,合理的、符合逻辑的,抽象概念,性质与评价,,,
2544,mankind,36,常见,人类,人类与社会,,,,
2545,monetary,36,常见,货币的,商业经济,,,,
2546,nose,36,常见,鼻子,人类与社会,,,,
2547,combat,36,常见,战斗,动作行为,其他动作,,,
2548,motive,36,常见,动机,情感心理,,,,
2549,variation,36,常见,变化,抽象概念,认知与抽象名词,,,
2550,harsh,36,常见,严厉的、恶劣的,情感心理,,,,
2551,provision,36,常见,提供、供给,商业经济,,,,
2552,temper,36,常见,脾气,情感心理,,,,
2553,exhaust,36,常见,耗尽,动作行为,身体动作,,,
2554,holder,36,常见,持有者,人类与社会,,,,
2555,linguistic,36,常见,语言的,文化宗教,,,,
2556,mine,36,常见,我的、矿,人类与社会,,,,
2557,servant,36,常见,仆人,职业工作,,,,
2558,reflection,36,常见,反射,抽象概念,认知与抽象名词,,,
2559,bread,36,常见,面包,食物营养,,,,
2560,golden,36,常见,金色的,商业经济,,,,
2561,precious,36,常见,宝贵的,情感心理,,,,
2562,accommodation,36,常见,住处、和解,日常生活,,,,
2563,charm,36,常见,魅力,情感心理,,,,
2564,consistent,36,常见,一致的,抽象概念,性质与评价,be consistent with,,
2565,distinct,36,常见,不同的,抽象概念,性质与评价,a distinct difference,,
2566,edit,36,常见,编辑,动作行为,身体动作,,,
2567,housework,36,常见,家务,日常生活,,,,
2568,lifetime,36,常见,一生,时间日期,,,,
2569,shirt,36,常见,衬衫,交通旅行,,,,
2570,amid,36,常见,在其间,空间地点,,,,
2571,identical,36,常见,相同的,抽象概念,性质与评价,identical to,,
2572,instruct,36,常见,指导,动作行为,社交交互,,,
2573,jacket,36,常见,夹克,交通旅行,,,,
2574,sake,36,常见,缘故、目的,抽象概念,认知与抽象名词,,,
2575,virus,36,常见,病毒,健康医疗,,,,
2576,wound,36,常见,受伤的,健康医疗,,,,
2577,beer,36,常见,啤酒,食物营养,,,,
2578,refugee,36,常见,难民,人类与社会,,,,
2579,nap,36,常见,小睡,动作行为,身体动作,,,
2580,classical,35,常见,古典的,文化宗教,,,,
2581,sequence,35,常见,顺序,抽象概念,认知与抽象名词,,,
2582,systematic,35,常见,系统的、成体系的,抽象概念,性质与评价,,,
2583,horizon,35,常见,地平线,自然环境,,,,
2584,apparent,35,常见,明显的,抽象概念,性质与评价,apparent reason,,
2585,guidance,35,常见,指导,情感心理,,,,
2586,passive,35,常见,被动的,情感心理,,,,
2587,creature,35,常见,生物,自然环境,,,,
2588,fierce,35,常见,凶猛的、激烈的,情感心理,,,,
2589,mix,35,常见,混合,动作行为,使动与影响,,,
2590,trigger,35,常见,触发,动作行为,身体动作,trigger a debate,,
2591,cue,35,常见,提示、暗示,抽象概念,认知与抽象名词,,,
2592,disable,35,常见,失去能力,动作行为,使动与影响,,dizable,
2593,hostile,35,常见,敌对的,情感心理,,be hostile to,,
2594,integrity,35,常见,诚实正直、完整,情感心理,,,,
2595,precise,35,常见,精确的,抽象概念,性质与评价,to be precise,precize,
2596,suppress,35,常见,压制、镇压,动作行为,身体动作,suppress dissent,,
2597,blow,35,常见,吹,动作行为,身体动作,,,
2598,bone,35,常见,骨,人类与社会,,,,
2599,gate,35,常见,门,空间地点,,,,
2600,abundant,35,常见,丰富的,自然环境,,,,
2601,appliance,35,常见,装置、应用,日常生活,,,,
2602,relax,35,常见,放松,动作行为,使动与影响,,,
2603,smooth,35,常见,光滑的、顺利的,抽象概念,性质与评价,,,
2604,appetite,35,常见,食欲,食物营养,,,,
2605,currency,35,常见,货币,商业经济,,,,
2606,laundry,35,常见,洗衣,日常生活,,,,
2607,bicycle,35,常见,自行车,交通旅行,,,,
2608,skirt,35,常见,裙子,交通旅行,,,,
2609,eastern,35,常见,东部的,空间地点,,,,
2610,lion,35,常见,狮子,自然环境,,,,
2611,toilet,35,常见,厕所,日常生活,,,,
2612,guilt,34,常见,内疚,情感心理,,,,
2613,tolerance,34,常见,宽容、容忍,情感心理,,,,
2614,parallel,34,常见,平行的、类似的,抽象概念,性质与评价,,,
2615,instinct,34,常见,本能,情感心理,,,,
2616,premium,34,常见,保险费、优质的,商业经济,,,,
2617,shuttle,34,常见,航天飞机,交通旅行,,,,
2618,collective,34,常见,集体的、共同的,抽象概念,性质与评价,,,
2619,flash,34,常见,闪,动作行为,其他动作,,,
2620,continuous,34,常见,连续的,时间日期,,,,
2621,resistant,34,常见,抵抗的,抽象概念,性质与评价,,,
2622,variable,34,常见,变量、多变的,抽象概念,性质与评价,,,
2623,visible,34,常见,可见的,抽象概念,性质与评价,,,
2624,withdraw,34,常见,退出、撤退,动作行为,身体动作,,,
2625,elaborate,34,常见,复杂的、详尽的,动作行为,社交交互,,,
2626,guess,34,常见,猜测,动作行为,身体动作,,,
2627,indispensable,34,常见,不可缺少的,抽象概念,性质与评价,,,
2628,sweep,34,常见,扫地,动作行为,身体动作,,,
2629,concrete,34,常见,具体的、确实的,抽象概念,性质与评价,,,
2630,electrical,34,常见,电的,科学技术,,,,
2631,governor,34,常见,统治者,政治法律,,,,
2632,incline,34,常见,倾斜、斜坡,动作行为,身体动作,,,
2633,mount,34,常见,山,动作行为,身体动作,,,
2634,straightforward,34,常见,坦率的,情感心理,,a straightforward answer,,
2635,habitat,34,常见,栖息地,自然环境,,,,
2636,spoil,34,常见,破坏,动作行为,其他动作,,,
2637,companion,34,常见,陪伴,人类与社会,,,,
2638,quarrel,34,常见,争吵,动作行为,社交交互,,,
2639,sorry,34,常见,抱歉,情感心理,,,,
2640,bureau,34,常见,办事处,商业经济,,,,
2641,heritage,34,常见,遗产,文化宗教,,,,
2642,mask,34,常见,面具,交通旅行,,,,
2643,coat,34,常见,外套,交通旅行,,,,
2644,countryside,34,常见,农村,自然环境,,,,
2645,dynamic,34,常见,动力、动态的,抽象概念,性质与评价,,,
2646,format,34,常见,版式、设计,科学技术,,,,
2647,secondary,34,常见,次要的,教育学习,,,,
2648,coin,34,常见,硬币,商业经济,,coin a term,,
2649,deposit,34,常见,存款,商业经济,,,,
2650,install,34,常见,安装,动作行为,身体动作,,,
2651,tremendous,34,常见,巨大的,抽象概念,数量与程度,,,
2652,voluntary,33,常见,自愿的,情感心理,,,,
2653,accuracy,33,常见,精确度,抽象概念,认知与抽象名词,,,
2654,silver,33,常见,银,商业经济,,,,
2655,shame,33,常见,羞愧,情感心理,,,,
2656,patience,33,常见,耐心,情感心理,,,,
2657,ambiguous,33,常见,模棱两可的,抽象概念,性质与评价,态度题高频,,
2658,suspicious,33,常见,可疑的,情感心理,,,,
2659,polite,33,常见,礼貌的,情感心理,,,,
2660,courage,33,常见,勇气,情感心理,,,corage,
2661,noble,33,常见,贵族的,情感心理,,,,
2662,suspend,33,常见,暂停,动作行为,身体动作,,,
2663,undermine,33,常见,逐渐削弱,动作行为,使动与影响,undermine confidence,,
2664,deliberate,33,常见,深思熟虑的、故意的,动作行为,其他动作,a deliberate attempt,,
2665,operator,33,常见,操作人员,职业工作,,,,
2666,substitute,33,常见,代替,动作行为,身体动作,,,
2667,fare,33,常见,车费,商业经济,,,,
2668,pollute,33,常见,污染,自然环境,,,,
2669,prominent,33,常见,突出的,抽象概念,性质与评价,a prominent figure,,
2670,thick,33,常见,厚的,抽象概念,性质与评价,,,
2671,enrich,33,常见,丰富,动作行为,使动与影响,,,
2672,guy,33,常见,家伙,人类与社会,,,,
2673,verbal,32,常见,语言的,抽象概念,性质与评价,,,
2674,behalf,32,常见,代表,人类与社会,,,,
2675,tolerate,32,常见,容忍,动作行为,其他动作,,,
2676,peculiar,32,常见,独特的、特殊的,情感心理,,,,
2677,hemisphere,32,常见,半球,自然环境,,,,
2678,pure,32,常见,纯粹的、纯的,抽象概念,性质与评价,,,
2679,outlook,32,常见,前景,情感心理,,,,
2680,rear,32,常见,后方、培育,人类与社会,,,,
2681,comparable,32,常见,可比较的,抽象概念,性质与评价,,,
2682,cast,32,常见,投射、铸造,动作行为,身体动作,,,
2683,mutual,32,常见,相互的,抽象概念,性质与评价,mutual benefit,,
2684,organisation,32,常见,组织,文化宗教,,,organization,
2685,row,32,常见,行、排,动作行为,其他动作,,,
2686,cheer,32,常见,欢呼,情感心理,,,,
2687,intensity,32,常见,强度,抽象概念,认知与抽象名词,,,
2688,nurture,32,常见,培育,动作行为,使动与影响,,,
2689,esteem,32,常见,尊敬,情感心理,,,,
2690,liberate,32,常见,解放,动作行为,其他动作,,,
2691,tennis,32,常见,网球,运动娱乐,,,,
2692,acceptance,32,常见,接受,抽象概念,认知与抽象名词,,,
2693,consensus,32,常见,共识,抽象概念,认知与抽象名词,,,
2694,cotton,32,常见,棉花,交通旅行,,,,
2695,nerve,32,常见,神经,人类与社会,,,,
2696,persist,32,常见,坚持,动作行为,起始与终止,persist in doing,,
2697,undergo,32,常见,经历,动作行为,其他动作,,,
2698,wallet,32,常见,钱包,日常生活,,,,
2699,wash,32,常见,洗,动作行为,身体动作,,,
2700,asleep,32,常见,睡着,健康医疗,,,,
2701,fate,32,常见,命运,抽象概念,认知与抽象名词,,,
2702,chat,32,常见,聊天,动作行为,社交交互,,,
2703,forty,32,常见,四十,时间日期,,,,
2704,impressive,32,常见,印象深刻的,情感心理,,,,
2705,spur,32,常见,刺激、促进,动作行为,使动与影响,,,
2706,forbid,32,常见,禁止,动作行为,其他动作,,,
2707,rational,32,常见,理性的,抽象概念,性质与评价,rational choice,,
2708,heel,32,常见,脚后跟,人类与社会,,,,
2709,desperate,31,常见,绝望的、不顾一切的,情感心理,,,,
2710,twelve,31,常见,十二,时间日期,,,,
2711,hesitate,31,常见,犹豫,动作行为,心理活动,,,
2712,index,31,常见,索引,教育学习,,,,
2713,attain,31,常见,达到、获得,动作行为,起始与终止,,,
2714,frighten,31,常见,害怕、惊吓,动作行为,使动与影响,,,
2715,appoint,31,常见,任命、安排、约定,动作行为,社交交互,,,
2716,drama,31,常见,戏剧,运动娱乐,,,,
2717,satisfactory,31,常见,令人满意的,情感心理,,,,
2718,thesis,31,常见,论文,教育学习,,,,
2719,clue,31,常见,线索,抽象概念,认知与抽象名词,,,
2720,defeat,31,常见,击败,动作行为,身体动作,,,
2721,oxygen,31,常见,氧,科学技术,,,,
2722,ball,31,常见,球,运动娱乐,,,,
2723,exclusive,31,常见,独有的,抽象概念,性质与评价,,,
2724,headache,31,常见,头痛,健康医疗,,,,
2725,membership,31,常见,会员,抽象概念,认知与抽象名词,,,
2726,twin,31,常见,双胞胎,人类与社会,,,,
2727,underground,31,常见,地下,空间地点,,,,
2728,upward,31,常见,向上,空间地点,,,,
2729,architect,31,常见,建筑师,职业工作,,,,
2730,consultant,31,常见,顾问,职业工作,,,,
2731,elevate,31,常见,举起、提拔,动作行为,身体动作,,,
2732,plunge,31,常见,陷入、暴跌,动作行为,身体动作,,,
2733,reception,31,常见,接待、招待会,文化宗教,,,,
2734,boast,31,常见,自夸,动作行为,其他动作,,,
2735,sue,31,常见,起诉,动作行为,身体动作,,,
2736,tape,31,常见,胶带,日常生活,,,,
2737,opera,31,常见,歌剧,运动娱乐,,,,
2738,cathedral,31,常见,大教堂,文化宗教,,,,
2739,greet,31,常见,打招呼,动作行为,其他动作,,,
2740,knock,31,常见,敲,动作行为,身体动作,,,
2741,mortgage,31,常见,抵押,商业经济,,,,
2742,rubbish,31,常见,垃圾,日常生活,,,,
2743,stereotype,31,常见,刻板,抽象概念,认知与抽象名词,,,
2744,decent,31,常见,体面的,抽象概念,性质与评价,,,
2745,seminar,31,常见,研讨会,教育学习,,,,
2746,zero,31,常见,零,时间日期,,,,
2747,adventure,31,常见,冒险,交通旅行,,,,
2748,affection,31,常见,喜爱、感情,情感心理,,,,
2749,constitution,30,常见,宪法,政治法律,,,,
2750,definite,30,常见,明确的,抽象概念,性质与评价,,,
2751,drift,30,常见,漂移、漂流,动作行为,身体动作,,,
2752,endeavor,30,常见,努力,动作行为,其他动作,,endeavour,
2753,enlarge,30,常见,扩大,动作行为,变化趋势,,,
2754,mineral,30,常见,矿物质,自然环境,,,,
2755,annoy,30,常见,令人厌烦的,情感心理,,,,
2756,bush,30,常见,灌木,自然环境,,,,
2757,poem,30,常见,诗,文化宗教,,,,
2758,scatter,30,常见,分散、散布,动作行为,变化趋势,,,
2759,wipe,30,常见,擦除,动作行为,身体动作,,,
2760,incredible,30,常见,难以置信的,抽象概念,性质与评价,,,
2761,mechanic,30,常见,技工,职业工作,,,,
2762,enthusiastic,30,常见,热情的,情感心理,,,,
2763,flourish,30,常见,繁荣,动作行为,其他动作,,florish,
2764,inch,30,常见,英寸,科学技术,,,,
2765,lung,30,常见,肺,人类与社会,,,,
2766,frame,30,常见,框架,动作行为,使动与影响,,,
2767,profile,30,常见,轮廓、简介,人类与社会,,,,
2768,youngster,30,常见,少年,人类与社会,,,,
2769,brick,30,常见,砖,日常生活,,,,
2770,dictate,30,常见,规定、口述,动作行为,身体动作,,,
2771,organ,30,常见,器官,人类与社会,,,,
2772,piano,30,常见,钢琴,运动娱乐,,,,
2773,twist,30,常见,扭曲、捻,动作行为,身体动作,,,
2774,wherever,30,常见,无论在哪里,空间地点,,,,
2775,gaze,30,常见,凝视,动作行为,其他动作,,,
2776,junior,30,常见,年资较浅的,教育学习,,,,
2777,subway,30,常见,地铁,交通旅行,,,,
2778,pyramid,30,常见,金字塔,自然环境,,,,
2779,remedy,30,常见,补救、治疗,动作行为,身体动作,,,
2780,mature,30,常见,成熟的,动作行为,使动与影响,,,
2781,pump,30,常见,泵,科学技术,,,,
2782,tropical,30,常见,热带的,自然环境,,,,
2783,chef,30,常见,厨师,职业工作,,,,
2784,junk,30,常见,垃圾,日常生活,,,,
2785,pack,30,常见,打包,动作行为,身体动作,,,
2786,interior,29,常见,内部,空间地点,,,,
2787,liability,29,常见,责任,商业经济,,,,
2788,bid,29,常见,出价、投标,动作行为,身体动作,,,
2789,rude,29,常见,粗鲁的,情感心理,,,,
2790,criterion,29,常见,标准,抽象概念,认知与抽象名词,,,
2791,gradual,29,常见,逐渐的,时间日期,,a gradual decline,,
2792,objection,29,常见,反对,情感心理,,,,
2793,surname,29,常见,姓,人类与社会,,,,
2794,activate,29,常见,激活,动作行为,使动与影响,,,
2795,lawsuit,29,常见,诉讼,政治法律,,,,
2796,outlet,29,常见,出口,空间地点,,,,
2797,tunnel,29,常见,隧道,交通旅行,,,,
2798,ignorant,29,常见,无知的,情感心理,,,,
2799,squeeze,29,常见,挤压,动作行为,身体动作,,,
2800,click,29,常见,点击,动作行为,身体动作,,,
2801,gentleman,29,常见,绅士,人类与社会,,,,
2802,invisible,29,常见,看不见的,抽象概念,性质与评价,,,
2803,retreat,29,常见,撤退,动作行为,其他动作,,,
2804,chemistry,29,常见,化学,科学技术,,,,
2805,manipulate,29,常见,操纵,动作行为,使动与影响,manipulate public opinion,,
2806,migrate,29,常见,迁移,动作行为,其他动作,,,
2807,somebody,29,常见,某人,人类与社会,,,,
2808,clinic,29,常见,诊所,健康医疗,,,,
2809,dull,29,常见,枯燥的,情感心理,,,,
2810,tight,29,常见,紧的,抽象概念,性质与评价,,,
2811,wonderful,29,常见,精彩的,情感心理,,,,
2812,accommodate,29,常见,适应、容纳,动作行为,身体动作,,,
2813,destructive,29,常见,破坏性的,抽象概念,性质与评价,,,
2814,chase,29,常见,追逐,动作行为,其他动作,,,
2815,steep,29,常见,陡峭的,抽象概念,性质与评价,,,
2816,deed,29,常见,行为、事迹,动作行为,其他动作,,,
2817,lightning,29,常见,闪电,自然环境,,,,
2818,recreation,29,常见,娱乐,运动娱乐,,,,
2819,refine,29,常见,改进,动作行为,身体动作,,,
2820,stamp,29,常见,邮票,动作行为,身体动作,,,
2821,prisoner,29,常见,囚犯,人类与社会,,,,
2822,salesman,29,常见,推销员,职业工作,,,,
2823,summary,29,常见,摘要,教育学习,,,,
2824,monopoly,28,常见,垄断,商业经济,,,,
2825,dose,28,常见,剂量,健康医疗,,,,
2826,gross,28,常见,总的,抽象概念,性质与评价,gross domestic product,,
2827,laughter,28,常见,笑声,情感心理,,,,
2828,trail,28,常见,小径、踪迹,动作行为,身体动作,,,
2829,discard,28,常见,抛弃、丢弃,动作行为,身体动作,discard old habits,,
2830,absolute,28,常见,绝对的,抽象概念,数量与程度,,,
2831,classify,28,常见,分类,动作行为,评价与判断,,,
2832,festival,28,常见,节日,文化宗教,,,,
2833,quest,28,常见,探索、寻求,动作行为,其他动作,,,
2834,conceive,28,常见,怀孕、设想,动作行为,心理活动,,,
2835,underestimate,28,常见,低估,动作行为,身体动作,,,
2836,bet,28,常见,打赌,动作行为,身体动作,,,
2837,density,28,常见,密度,科学技术,,,,
2838,prescription,28,常见,处方,健康医疗,,,,
2839,resistance,28,常见,抵抗,科学技术,,,,
2840,sir,28,常见,先生,人类与社会,,,,
2841,leap,28,常见,跳跃,动作行为,身体动作,,,
2842,reproduce,28,常见,复制,动作行为,其他动作,,,
2843,revolutionary,28,常见,革命的,政治法律,,,,
2844,shy,28,常见,害羞地,情感心理,,,,
2845,brush,28,常见,刷子,日常生活,,,,
2846,cinema,28,常见,电影院,运动娱乐,,,,
2847,essence,28,常见,本质,抽象概念,认知与抽象名词,,,
2848,gun,28,常见,枪,政治法律,,,,
2849,inhabitant,28,常见,居民,人类与社会,,,,
2850,momentum,28,常见,势头,科学技术,,,,
2851,stare,28,常见,盯着,动作行为,身体动作,,,
2852,wander,28,常见,游荡,动作行为,起始与终止,,,
2853,extraordinary,28,常见,非凡的,抽象概念,性质与评价,,,
2854,polish,28,常见,擦亮,动作行为,身体动作,,,
2855,slight,28,常见,轻微的,抽象概念,性质与评价,,,
2856,frank,28,常见,坦白的、直率的,情感心理,,,,
2857,misfortune,28,常见,不幸,情感心理,,,,
2858,rob,28,常见,抢劫,动作行为,占有与转移,,,
2859,surgeon,28,常见,外科医生,职业工作,,,,
2860,transmission,28,常见,传输,科学技术,,,,
2861,orbit,28,常见,轨道,科学技术,,,,
2862,reservation,28,常见,预定,抽象概念,认知与抽象名词,with reservations,,
2863,brilliant,28,常见,闪亮的、聪明的、出色的,情感心理,,,,
2864,gadget,28,常见,小玩意儿,科学技术,,,,
2865,playground,28,常见,操场,运动娱乐,,,,
2866,tenant,28,常见,房客、租户,人类与社会,,,,
2867,worthwhile,27,常见,值得的,抽象概念,性质与评价,,,
2868,assert,27,常见,断言,动作行为,社交交互,,,
2869,mysterious,27,常见,神秘的,情感心理,,,,
2870,slice,27,常见,部分、薄片,日常生活,,,,
2871,basketball,27,常见,篮球,运动娱乐,,,,
2872,inherent,27,常见,固有的,抽象概念,性质与评价,inherent in,,
2873,sixty,27,常见,六十,抽象概念,数量与程度,,,
2874,headline,27,常见,头条新闻,文化宗教,,,,
2875,specify,27,常见,指定,动作行为,社交交互,,,
2876,tag,27,常见,标签,日常生活,,,,
2877,margin,27,常见,利润、边缘,抽象概念,数量与程度,,,
2878,extract,27,常见,提取,动作行为,身体动作,,,
2879,agenda,27,常见,议程、日程,教育学习,,,,
2880,joke,27,常见,笑话,运动娱乐,,,,
2881,pessimistic,27,常见,悲观的,情感心理,,,,
2882,tune,27,常见,曲调,动作行为,其他动作,,,
2883,apology,27,常见,道歉,文化宗教,,,,
2884,loud,27,常见,大声的,抽象概念,性质与评价,,,
2885,portray,27,常见,描绘,动作行为,身体动作,,,
2886,burst,27,常见,迸发、爆发,动作行为,其他动作,,,
2887,excitement,27,常见,兴奋,情感心理,,,,
2888,geography,27,常见,地理,科学技术,,,,
2889,prevalent,27,常见,普遍的,抽象概念,性质与评价,,,
2890,silence,27,常见,沉默,情感心理,,,,
2891,theoretical,27,常见,理论上的,抽象概念,性质与评价,,,
2892,murder,27,常见,谋杀,动作行为,其他动作,,,
2893,rigorous,27,常见,严格的,抽象概念,性质与评价,,,
2894,waiter,27,常见,服务员,职业工作,,,,
2895,corn,27,常见,玉米,食物营养,,,,
2896,oneself,27,常见,自己,人类与社会,,,,
2897,shadow,27,常见,阴影,自然环境,,,,
2898,tongue,27,常见,舌头,人类与社会,,,,
2899,hobby,27,常见,兴趣,运动娱乐,,,,
2900,laptop,27,常见,笔记本电脑,科学技术,,,,
2901,potato,27,常见,马铃薯,食物营养,,,,
2902,pretend,27,常见,假装,动作行为,身体动作,,,
2903,dine,27,常见,进餐,食物营养,,,,
2904,pronunciation,27,常见,发音,教育学习,,,,
2905,dissolve,26,常见,溶解,动作行为,使动与影响,,,
2906,speculate,26,常见,推测,动作行为,身体动作,speculate about,,
2907,underlie,26,常见,构成...的基础、在...之下,动作行为,其他动作,,,
2908,precede,26,常见,先于,动作行为,其他动作,,,
2909,quota,26,常见,配额,商业经济,,,,
2910,surplus,26,常见,盈余、过剩,商业经济,,,,
2911,drastic,26,常见,激烈的,抽象概念,性质与评价,,,
2912,lest,26,常见,以免,抽象概念,逻辑与关系,,,
2913,supervise,26,常见,监督,动作行为,社交交互,,supervize,
2914,liable,26,常见,有义务的,抽象概念,性质与评价,,,
2915,senator,26,常见,参议员,政治法律,,,,
2916,abolish,26,常见,废除,政治法律,,,,
2917,foresee,26,常见,预见,动作行为,其他动作,,,
2918,hardship,26,常见,艰难,抽象概念,认知与抽象名词,,,
2919,hormone,26,常见,激素,健康医疗,,,,
2920,recipient,26,常见,接受者,人类与社会,,,,
2921,suspicion,26,常见,怀疑,情感心理,,,,
2922,lag,26,常见,落后,动作行为,身体动作,,,
2923,hypothesis,26,常见,假设,抽象概念,认知与抽象名词,,,
2924,revive,26,常见,复苏、唤醒,动作行为,使动与影响,,,
2925,undertake,26,常见,承担,动作行为,身体动作,undertake research,,
2926,deficiency,26,常见,不足、缺乏,抽象概念,认知与抽象名词,,,
2927,enrol,26,常见,登记,动作行为,其他动作,,enroll,
2928,peaceful,26,常见,和平的,政治法律,,,,
2929,realise,26,常见,认识到、体会到,动作行为,其他动作,,realize,
2930,resemble,26,常见,像,动作行为,其他动作,,,
2931,spiritual,26,常见,精神的,文化宗教,,,,
2932,fortunate,26,常见,幸运的,抽象概念,性质与评价,,,
2933,mild,26,常见,温和的,情感心理,,,,
2934,temptation,26,常见,诱惑,情感心理,,,,
2935,wine,26,常见,酒,食物营养,,,,
2936,cater,26,常见,迎合,动作行为,身体动作,,,
2937,donate,26,常见,捐赠,动作行为,占有与转移,,,
2938,grave,26,常见,坟墓,政治法律,,,,
2939,historic,26,常见,有历史意义的,时间日期,,,,
2940,incorporate,26,常见,合并,动作行为,变化趋势,,,
2941,physicist,26,常见,物理学家,科学技术,,,,
2942,prey,26,常见,猎物、捕食,动作行为,身体动作,,,
2943,stupid,26,常见,愚蠢,情感心理,,,,
2944,toxic,26,常见,有毒的,健康医疗,,,,
2945,collar,26,常见,衣领,交通旅行,,,,
2946,plot,26,常见,情节,动作行为,心理活动,,,
2947,rainbow,26,常见,彩虹,自然环境,,,,
2948,sheer,26,常见,纯然的、陡峭的,抽象概念,性质与评价,,,
2949,sing,26,常见,唱歌,运动娱乐,,,,
2950,soar,26,常见,翱翔、高飞,动作行为,其他动作,,,
2951,studio,26,常见,工作室,运动娱乐,,,,
2952,halt,26,常见,停止,动作行为,使动与影响,,,
2953,nursery,26,常见,托儿所,教育学习,,,,
2954,expedition,26,常见,探险队,交通旅行,,,,
2955,outdoor,26,常见,户外的,日常生活,,,,
2956,circuit,25,常见,电路,科学技术,,,,
2957,simplify,25,常见,简化,动作行为,使动与影响,,,
2958,cooperate,25,常见,合作,动作行为,社交交互,,,
2959,volcano,25,常见,火山,自然环境,,,,
2960,deem,25,常见,认为,动作行为,心理活动,be deemed acceptable,,
2961,nowhere,25,常见,无处,空间地点,,,,
2962,contend,25,常见,竞争、争辩,动作行为,心理活动,,,
2963,delicate,25,常见,易碎的、精致的,抽象概念,性质与评价,a delicate balance,,
2964,mathematical,25,常见,数学的,科学技术,,,,
2965,outer,25,常见,外面的,空间地点,,,,
2966,allowance,25,常见,津贴,商业经济,,,,
2967,skip,25,常见,跳过,动作行为,身体动作,,,
2968,awkward,25,常见,笨拙的、令人尴尬的,情感心理,,,,
2969,vague,25,常见,模糊地,抽象概念,性质与评价,a vague idea,,
2970,cable,25,常见,缆、电缆,科学技术,,,,
2971,emit,25,常见,放射,动作行为,身体动作,,,
2972,manual,25,常见,手册,科学技术,,,,
2973,prescribe,25,常见,开处方,动作行为,社交交互,,,
2974,shell,25,常见,壳,自然环境,,,,
2975,tale,25,常见,故事,文化宗教,,,,
2976,bell,25,常见,钟、铃,日常生活,,,,
2977,competent,25,常见,有能力的,抽象概念,性质与评价,,,
2978,hat,25,常见,帽子,交通旅行,,,,
2979,prestige,25,常见,声望,抽象概念,性质与评价,,,
2980,silly,25,常见,愚蠢的,情感心理,,,,
2981,split,25,常见,分开、划分,动作行为,变化趋势,,,
2982,tailor,25,常见,裁缝,职业工作,,,,
2983,indoor,25,常见,室内的,日常生活,,,,
2984,offend,25,常见,冒犯,动作行为,使动与影响,,,
2985,publicity,25,常见,宣传,文化宗教,,,,
2986,refrain,25,常见,避免、克制,动作行为,社交交互,,,
2987,cherish,25,常见,珍爱,动作行为,身体动作,,,
2988,descend,25,常见,下降,动作行为,变化趋势,,,
2989,entity,25,常见,实体,抽象概念,认知与抽象名词,,,
2990,occasional,25,常见,偶然的,时间日期,,,,
2991,fourteen,25,常见,十四,时间日期,,,,
2992,fry,25,常见,油炸,食物营养,,,,
2993,syndrome,25,常见,综合症,健康医疗,,,,
2994,whale,25,常见,鲸,自然环境,,,,
2995,pencil,24,常见,铅笔,教育学习,,,,
2996,spy,24,常见,监视、间谍,职业工作,,,,
2997,cease,24,常见,停止,动作行为,起始与终止,,,
2998,fold,24,常见,折叠,动作行为,身体动作,,,
2999,beam,24,常见,光线、发射,科学技术,,,,
3000,charter,24,常见,宪章,政治法律,,,,
3001,correlate,24,常见,关联,动作行为,其他动作,,,
3002,departure,24,常见,离开,时间日期,,,,
3003,float,24,常见,漂浮,动作行为,身体动作,,,
3004,array,24,常见,系列、序列,抽象概念,数量与程度,,,
3005,engagement,24,常见,订婚,文化宗教,,,,
3006,fertile,24,常见,肥沃的,自然环境,,,,
3007,fool,24,常见,傻瓜,情感心理,,,,
3008,rocket,24,常见,火箭,科学技术,,,,
3009,alien,24,常见,外星人,人类与社会,,,,
3010,devise,24,常见,设计,动作行为,心理活动,,devize,
3011,exaggerate,24,常见,夸大,动作行为,其他动作,exaggerate the risk,,
3012,inherit,24,常见,继承,动作行为,占有与转移,,,
3013,intimate,24,常见,亲密的,情感心理,,,,
3014,opt,24,常见,选择,动作行为,评价与判断,,,
3015,ours,24,常见,我们的,人类与社会,,,,
3016,troop,24,常见,军队,政治法律,,,,
3017,dilemma,24,常见,困境,抽象概念,认知与抽象名词,,,
3018,spell,24,常见,拼写、咒语,动作行为,身体动作,spell disaster,,
3019,thrill,24,常见,激动,情感心理,,,,
3020,tribe,24,常见,部落,人类与社会,,,,
3021,blog,24,常见,博客,科学技术,,,,
3022,deadly,24,常见,致命的,健康医疗,,,,
3023,favorable,24,常见,有利的,抽象概念,性质与评价,,favourable,
3024,herd,24,常见,群,自然环境,,,,
3025,steam,24,常见,蒸汽,自然环境,,,,
3026,strip,24,常见,脱衣、剥夺,动作行为,其他动作,,,
3027,diagnose,24,常见,判断,健康医疗,,,,
3028,scratch,24,常见,抓,动作行为,身体动作,,,
3029,wet,24,常见,湿的,自然环境,,,,
3030,dip,24,常见,蘸,动作行为,其他动作,,,
3031,distress,24,常见,忧虑、悲伤,情感心理,,,,
3032,drill,24,常见,练习,动作行为,其他动作,,,
3033,sculpture,24,常见,雕塑,文化宗教,,,,
3034,warmth,24,常见,温暖,情感心理,,,,
3035,dump,24,常见,垃圾场、倾倒,动作行为,身体动作,,,
3036,resign,24,常见,辞职,动作行为,身体动作,,,
3037,vigorous,24,常见,充满力量的,情感心理,,,,
3038,leaf,23,常见,叶子,自然环境,,,,
3039,manifest,23,常见,显示、显然的,动作行为,心理活动,,,
3040,pen,23,常见,钢笔,教育学习,,,,
3041,alongside,23,常见,在旁边,空间地点,,,,
3042,bulk,23,常见,大部分、体积,抽象概念,数量与程度,,,
3043,dig,23,常见,挖,动作行为,其他动作,,,
3044,elect,23,常见,选举,动作行为,身体动作,,,
3045,funny,23,常见,有趣的、滑稽的,情感心理,,,,
3046,innocent,23,常见,无辜的,情感心理,,,,
3047,input,23,常见,输入,科学技术,,,,
3048,nonsense,23,常见,胡说,情感心理,,,,
3049,vivid,23,常见,生动的,情感心理,,,,
3050,beef,23,常见,牛肉,食物营养,,,,
3051,excel,23,常见,优于,动作行为,其他动作,,,
3052,nonetheless,23,常见,然而,抽象概念,逻辑与关系,,,
3053,queue,23,常见,排队,动作行为,起始与终止,,,
3054,conquer,23,常见,征服,动作行为,占有与转移,,,
3055,contradict,23,常见,反驳,动作行为,身体动作,contradict the claim,,
3056,leak,23,常见,泄露,动作行为,其他动作,,,
3057,seize,23,常见,抓住,动作行为,身体动作,,seise,
3058,authentic,23,常见,真实的、真正的,抽象概念,性质与评价,authentic evidence,,
3059,coordinate,23,常见,协调、坐标,动作行为,身体动作,,,
3060,hip,23,常见,髋,人类与社会,,,,
3061,feasible,23,常见,可行的,抽象概念,性质与评价,a feasible plan,,
3062,gloomy,23,常见,阴暗的,情感心理,,,,
3063,hint,23,常见,暗示,动作行为,身体动作,,,
3064,illiterate,23,常见,文盲,教育学习,,,,
3065,iron,23,常见,熨,日常生活,,,,
3066,lip,23,常见,嘴唇,人类与社会,,,,
3067,painter,23,常见,画家,职业工作,,,,
3068,stir,23,常见,搅拌,动作行为,身体动作,,,
3069,bitter,23,常见,苦的,食物营养,,,,
3070,digest,23,常见,消化,动作行为,心理活动,,,
3071,exotic,23,常见,奇异的、外来的,自然环境,,,,
3072,lazy,23,常见,懒惰的,情感心理,,,,
3073,obey,23,常见,遵守、服从,动作行为,身体动作,,,
3074,butter,23,常见,黄油,食物营养,,,,
3075,carpet,23,常见,地毯,日常生活,,,,
3076,civilian,23,常见,平民,人类与社会,,,,
3077,pin,23,常见,别针、固定,日常生活,,,,
3078,yellow,23,常见,黄色,交通旅行,,,,
3079,pie,23,常见,馅饼,食物营养,,,,
3080,retrieve,23,常见,取回、恢复,动作行为,起始与终止,,,
3081,romance,23,常见,浪漫、冒险故事,文化宗教,,,,
3082,workshop,23,常见,车间,日常生活,,,,
3083,cap,22,常见,帽子,交通旅行,,,,
3084,likewise,22,常见,同样地,抽象概念,逻辑与关系,,likewize,
3085,contempt,22,常见,轻蔑,情感心理,,,,
3086,queen,22,常见,女王,人类与社会,,,,
3087,jet,22,常见,喷射、喷气式飞机,交通旅行,,,,
3088,acquaintance,22,常见,相识的人,人类与社会,,,,
3089,bay,22,常见,海湾,自然环境,,,,
3090,bite,22,常见,咬,动作行为,身体动作,,,
3091,depict,22,常见,描述、描绘,动作行为,身体动作,,,
3092,dimension,22,常见,维度,科学技术,,,,
3093,precision,22,常见,精确,抽象概念,认知与抽象名词,,,
3094,shore,22,常见,岸上,自然环境,,,,
3095,superficial,22,常见,肤浅的,情感心理,,a superficial understanding,,
3096,unity,22,常见,统一,抽象概念,认知与抽象名词,,,
3097,furnish,22,常见,提供,动作行为,身体动作,,,
3098,palace,22,常见,宫殿,空间地点,,,,
3099,provoke,22,常见,激怒,动作行为,使动与影响,provoke controversy,,
3100,grateful,22,常见,感激的,情感心理,,,,
3101,setting,22,常见,环境、背景,空间地点,,,,
3102,amuse,22,常见,娱乐,动作行为,身体动作,,,
3103,anybody,22,常见,任何人,人类与社会,,,,
3104,cart,22,常见,手推车,交通旅行,,,,
3105,comply,22,常见,顺从,动作行为,其他动作,,,
3106,demographic,22,常见,人口的,抽象概念,性质与评价,,,
3107,imitation,22,常见,模仿,动作行为,身体动作,,,
3108,incidence,22,常见,发生率,抽象概念,认知与抽象名词,,,
3109,invitation,22,常见,邀请,情感心理,,,,
3110,mill,22,常见,磨,商业经济,,,,
3111,super,22,常见,极好的,抽象概念,性质与评价,,,
3112,cake,22,常见,蛋糕,食物营养,,,,
3113,stroke,22,常见,中风,动作行为,身体动作,,,
3114,surge,22,常见,激增,动作行为,变化趋势,,,
3115,testify,22,常见,作证,动作行为,社交交互,,,
3116,cow,22,常见,母牛,自然环境,,,,
3117,linger,22,常见,徘徊、逗留,动作行为,身体动作,,,
3118,alleviate,22,常见,减轻,动作行为,其他动作,,,
3119,downtown,22,常见,市中心,空间地点,,,,
3120,hurricane,22,常见,飓风,自然环境,,,,
3121,patch,22,常见,补丁、修补,日常生活,,,,
3122,tea,22,常见,茶,食物营养,,,,
3123,misery,21,常见,痛苦,情感心理,,,,
3124,lord,21,常见,主,政治法律,,,,
3125,rage,21,常见,大怒、狂怒,情感心理,,,,
3126,elegant,21,常见,优雅的,情感心理,,,,
3127,flaw,21,常见,缺陷,抽象概念,认知与抽象名词,,,
3128,formulate,21,常见,规划、制订,动作行为,评价与判断,formulate a strategy,,
3129,moderate,21,常见,温和的、适度的,抽象概念,性质与评价,moderate exercise,,
3130,reliance,21,常见,信赖,情感心理,,,,
3131,tide,21,常见,潮水、潮流,自然环境,,,,
3132,pledge,21,常见,保证、誓言,动作行为,社交交互,,,
3133,snap,21,常见,猛咬、拍摄、突然的,动作行为,使动与影响,,,
3134,undoubtedly,21,常见,无疑地,抽象概念,数量与程度,,,
3135,visa,21,常见,签证,交通旅行,,,,
3136,wing,21,常见,翼,自然环境,,,,
3137,commute,21,常见,通勤,动作行为,其他动作,,,
3138,dare,21,常见,敢,动作行为,社交交互,,,
3139,energetic,21,常见,精力旺盛的、能量的,抽象概念,性质与评价,,,
3140,flag,21,常见,旗,日常生活,,,,
3141,frontier,21,常见,边境、边界,空间地点,,,,
3142,illusion,21,常见,错觉,情感心理,,,,
3143,slogan,21,常见,口号,文化宗教,,,,
3144,vessel,21,常见,船,交通旅行,,blood vessels,,
3145,compute,21,常见,估计,动作行为,其他动作,,,
3146,episode,21,常见,情节,运动娱乐,,,,
3147,indication,21,常见,迹象、指示,抽象概念,认知与抽象名词,,,
3148,starve,21,常见,挨饿,动作行为,使动与影响,,,
3149,steer,21,常见,引导、驾驶,动作行为,身体动作,,,
3150,superiority,21,常见,优势,抽象概念,认知与抽象名词,,,
3151,tempt,21,常见,引诱、吸引,动作行为,身体动作,,,
3152,beside,21,常见,在…旁边,空间地点,,,,
3153,decisive,21,常见,决定性的,抽象概念,性质与评价,,,
3154,occurrence,21,常见,发生,抽象概念,认知与抽象名词,,,
3155,refrigerator,21,常见,冰箱,日常生活,,,,
3156,seemingly,21,常见,表面上,抽象概念,数量与程度,,,
3157,spectator,21,常见,观众,人类与社会,,,,
3158,trivial,21,常见,琐碎的,抽象概念,性质与评价,a trivial matter,,
3159,awake,21,常见,醒着的、醒来,健康医疗,,,,
3160,faulty,21,常见,有缺陷的,抽象概念,性质与评价,,,
3161,housewife,21,常见,家庭主妇,人类与社会,,,,
3162,intervene,21,常见,干预,动作行为,身体动作,government intervention,,
3163,luggage,21,常见,行李,交通旅行,,,,
3164,seal,21,常见,密封,日常生活,,,,
3165,shout,21,常见,喊叫,动作行为,其他动作,,,
3166,dwell,21,常见,居住,动作行为,其他动作,,,
3167,inspiration,21,常见,灵感,情感心理,,,,
3168,merge,21,常见,合并,动作行为,使动与影响,,,
3169,shine,21,常见,闪耀、照耀,动作行为,身体动作,,,
3170,yell,21,常见,喊叫,动作行为,社交交互,,,
3171,fraud,21,常见,欺骗,政治法律,,,,
3172,tedious,21,常见,枯燥的,情感心理,,a tedious task,,
3173,crazy,21,常见,疯狂的,情感心理,,,,
3174,invade,21,常见,侵略,动作行为,使动与影响,,,
3175,yard,21,常见,院子,空间地点,,,,
3176,alphabet,20,常见,字母表,教育学习,,,,
3177,heaven,20,常见,天堂,文化宗教,,,,
3178,hospitality,20,常见,好客、款待,情感心理,,,,
3179,pink,20,常见,粉红色,交通旅行,,,,
3180,backward,20,常见,向后的、落后的,空间地点,,,,
3181,legitimate,20,常见,合法的,抽象概念,性质与评价,a legitimate concern,,
3182,lure,20,常见,吸引、诱惑,动作行为,使动与影响,,,
3183,rigid,20,常见,严格的、僵硬的,抽象概念,性质与评价,rigid rules,,
3184,offspring,20,常见,子孙、后代,人类与社会,,,,
3185,violate,20,常见,违背、侵犯,动作行为,身体动作,,,
3186,poisonous,20,常见,有毒的,健康医疗,,,,
3187,silent,20,常见,沉默的,情感心理,,,,
3188,thereby,20,常见,从而,抽象概念,逻辑与关系,,,
3189,cling,20,常见,紧贴、坚持,动作行为,其他动作,,,
3190,divert,20,常见,转移,动作行为,使动与影响,,,
3191,fraction,20,常见,小部分、分数,抽象概念,数量与程度,,,
3192,applicable,20,常见,适用的,抽象概念,性质与评价,,,
3193,bachelor,20,常见,学士、单身汉,人类与社会,,,,
3194,carrier,20,常见,载体,交通旅行,,,,
3195,hole,20,常见,洞,空间地点,,,,
3196,initiate,20,常见,开始,动作行为,使动与影响,,,
3197,mate,20,常见,交配、配偶,人类与社会,,,,
3198,meaning,20,常见,意义,抽象概念,认知与抽象名词,,,
3199,presumably,20,常见,大概、可能,抽象概念,数量与程度,,,
3200,reap,20,常见,收获、获得,动作行为,占有与转移,,,
3201,brake,20,常见,刹车,交通旅行,,,,
3202,calendar,20,常见,日历,时间日期,,,,
3203,certificate,20,常见,证书,教育学习,,,,
3204,cousin,20,常见,堂兄弟姐妹,人类与社会,,,,
3205,dairy,20,常见,乳制品,食物营养,,,,
3206,decay,20,常见,腐烂,动作行为,变化趋势,,,
3207,grab,20,常见,抓取、夺取,动作行为,身体动作,,,
3208,miserable,20,常见,悲惨的,情感心理,,,,
3209,practitioner,20,常见,从业者,职业工作,,,,
3210,proposition,20,常见,命题,抽象概念,认知与抽象名词,,,
3211,qualify,20,常见,合格,动作行为,使动与影响,,,
3212,sole,20,常见,鞋底、唯一的,人类与社会,,,,
3213,spark,20,常见,火星、引起,动作行为,其他动作,,,
3214,sportsman,20,常见,运动员,运动娱乐,,,,
3215,tissue,20,常见,纸巾,健康医疗,,,,
3216,toll,20,常见,损失、通行费,商业经济,,,,
3217,verify,20,常见,核实,动作行为,评价与判断,,,
3218,compulsory,20,常见,强制的、义务的,抽象概念,性质与评价,,,
3219,cyberspace,20,常见,网络空间,科学技术,,,,
3220,dawn,20,常见,黎明,时间日期,,,,
3221,kick,20,常见,踢,动作行为,身体动作,,,
3222,mayor,20,常见,市长,职业工作,,,,
3223,subjective,20,常见,主观的,情感心理,,,,
3224,timely,20,常见,及时的,时间日期,,,,
3225,ward,20,常见,病房,空间地点,,,,
3226,wrap,20,常见,包裹,动作行为,身体动作,,,
3227,altitude,20,常见,高度,空间地点,,,,
3228,cattle,20,常见,牛,自然环境,,,,
3229,cottage,20,常见,村舍,日常生活,,,,
3230,drown,20,常见,淹没,动作行为,其他动作,,,
3231,empire,20,常见,帝国,政治法律,,,,
3232,ignorance,20,常见,无知,情感心理,,,,
3233,landlord,20,常见,房东,人类与社会,,,,
3234,precaution,20,常见,预防,情感心理,,,,
3235,prosperous,20,常见,繁荣的,商业经济,,,,
3236,tense,20,常见,紧张的,情感心理,,,,
3237,versus,20,常见,对抗,抽象概念,逻辑与关系,,,
3238,allocate,20,常见,分配,动作行为,身体动作,allocate resources,,
3239,beg,20,常见,乞求,动作行为,占有与转移,,,
3240,glad,20,常见,高兴的,情感心理,,,,
3241,infect,20,常见,感染,健康医疗,,,,
3242,mess,20,常见,混乱,日常生活,,,,
3243,troublesome,20,常见,讨厌的,情感心理,,,,
3244,delegate,20,常见,委托,动作行为,身体动作,,,
3245,dive,20,常见,潜水、跳水,动作行为,身体动作,,dove,
3246,hop,20,常见,跳跃,动作行为,身体动作,,,
3247,kindergarten,20,常见,幼儿园,教育学习,,,,
3248,litter,20,常见,垃圾,自然环境,,,,
3249,passport,20,常见,护照,交通旅行,,,,
3250,pat,20,常见,轻拍,动作行为,身体动作,,,
3251,prospective,20,常见,潜在的、预期的,抽象概念,性质与评价,,,
3252,uncle,20,常见,叔,人类与社会,,,,
3253,blueprint,19,常见,蓝图,科学技术,,,,
3254,federation,19,常见,联合、联邦,政治法律,,,,
3255,telescope,19,常见,望远镜,科学技术,,,,
3256,cheque,19,常见,支票,商业经济,,,check,
3257,republican,19,常见,共和政体的,政治法律,,,,
3258,ritual,19,常见,仪式,文化宗教,,,,
3259,vanish,19,常见,消失,动作行为,变化趋势,,,
3260,petrol,19,常见,汽油,科学技术,,,,
3261,subsequent,19,常见,随后的,时间日期,,,,
3262,bonus,19,常见,奖金,商业经济,,,,
3263,consent,19,常见,同意,动作行为,评价与判断,,,
3264,bubble,19,常见,气泡,自然环境,,,,
3265,grip,19,常见,紧握、紧抓,动作行为,身体动作,,,
3266,humble,19,常见,谦逊的、卑微的,情感心理,,,,
3267,navy,19,常见,海军,政治法律,,,,
3268,sociable,19,常见,好交际的,情感心理,,,,
3269,ant,19,常见,蚂蚁,自然环境,,,,
3270,betray,19,常见,背叛,动作行为,身体动作,,,
3271,handful,19,常见,少数,抽象概念,数量与程度,,,
3272,imperative,19,常见,紧急的、祈使的,抽象概念,性质与评价,,,
3273,reckon,19,常见,估算、认为,动作行为,身体动作,,,
3274,acute,19,常见,严重的、敏锐的,健康医疗,,,,
3275,castle,19,常见,城堡,空间地点,,,,
3276,considerate,19,常见,体贴的,情感心理,,,,
3277,dignity,19,常见,尊严,情感心理,,,,
3278,heighten,19,常见,加强、增加,动作行为,身体动作,,,
3279,magnificent,19,常见,宏伟的,情感心理,,,,
3280,metre,19,常见,米,科学技术,,,meter,
3281,rhythm,19,常见,节奏、韵律,运动娱乐,,,,
3282,throat,19,常见,喉咙,人类与社会,,,,
3283,tidy,19,常见,整洁的,动作行为,评价与判断,,,
3284,wire,19,常见,电线,科学技术,,,,
3285,cliff,19,常见,悬崖,自然环境,,,,
3286,curve,19,常见,曲线,科学技术,,,,
3287,destiny,19,常见,命运,抽象概念,认知与抽象名词,,,
3288,dim,19,常见,暗淡的,抽象概念,性质与评价,,,
3289,paradox,19,常见,悖论,抽象概念,认知与抽象名词,,,
3290,repeatedly,19,常见,重复地,抽象概念,数量与程度,,,
3291,resolution,19,常见,解决方案、决心,情感心理,,,,
3292,scream,19,常见,喊叫,动作行为,其他动作,,,
3293,shade,19,常见,阴影,自然环境,,,,
3294,collaborate,19,常见,合作,动作行为,社交交互,,,
3295,county,19,常见,县,空间地点,,,,
3296,deteriorate,19,常见,恶化,动作行为,使动与影响,conditions deteriorate,,
3297,equation,19,常见,方程式,科学技术,,,,
3298,orange,19,常见,橙色的,食物营养,,,,
3299,postpone,19,常见,推迟,动作行为,身体动作,postpone the decision,,
3300,pronounce,19,常见,发音,动作行为,社交交互,,,
3301,thorough,19,常见,彻底的,抽象概念,性质与评价,a thorough analysis,,
3302,contaminate,19,常见,污染,动作行为,使动与影响,,,
3303,creep,19,常见,爬、蔓延,动作行为,身体动作,,,
3304,diabetes,19,常见,糖尿病,健康医疗,,,,
3305,drunk,19,常见,醉酒,情感心理,,,,
3306,dual,19,常见,双重的,抽象概念,性质与评价,,,
3307,empathy,19,常见,共鸣,情感心理,,,,
3308,overtime,19,常见,超出的时间,时间日期,,,,
3309,priest,19,常见,牧师,文化宗教,,,,
3310,tire,19,常见,轮胎,动作行为,使动与影响,,tyre,
3311,disastrous,19,常见,灾难性的,抽象概念,性质与评价,,,
3312,leather,19,常见,皮革,交通旅行,,,,
3313,multiply,19,常见,乘,动作行为,使动与影响,,,
3314,pigeon,19,常见,鸽子,自然环境,,,,
3315,poison,19,常见,毒药,健康医疗,,,,
3316,ski,19,常见,滑雪,运动娱乐,,,,
3317,swim,19,常见,游泳,运动娱乐,,,,
3318,utter,19,常见,说,动作行为,社交交互,,,
3319,worm,18,常见,虫,自然环境,,,,
3320,rotate,18,常见,轮流,动作行为,身体动作,,,
3321,aggravate,18,常见,恶化,动作行为,使动与影响,,,
3322,sentiment,18,常见,情绪,情感心理,,,,
3323,tube,18,常见,管子,科学技术,,,,
3324,loyal,18,常见,忠诚的,情感心理,,,,
3325,pipe,18,常见,管子、烟斗,日常生活,,,,
3326,vaccine,18,常见,疫苗,健康医疗,,,,
3327,canal,18,常见,运河,自然环境,,,,
3328,conception,18,常见,概念,抽象概念,认知与抽象名词,,,
3329,distort,18,常见,扭曲,动作行为,身体动作,distort the truth,,
3330,gravity,18,常见,重力,科学技术,,,,
3331,imaginative,18,常见,富于想象力的,抽象概念,性质与评价,,,
3332,municipal,18,常见,市的,政治法律,,,,
3333,plausible,18,常见,似乎是真的,抽象概念,性质与评价,a plausible explanation,,
3334,sociology,18,常见,社会学,教育学习,,,,
3335,crawl,18,常见,爬,动作行为,身体动作,,,
3336,exit,18,常见,退出,空间地点,,,,
3337,masculine,18,常见,阳刚的,人类与社会,,,,
3338,restrain,18,常见,抑制,动作行为,社交交互,restrain oneself,,
3339,weird,18,常见,怪异的、古怪的,情感心理,,,,
3340,advisable,18,常见,明智的,抽象概念,性质与评价,,advizable,
3341,avenue,18,常见,大街,空间地点,,,,
3342,barrel,18,常见,桶,日常生活,,,,
3343,cabin,18,常见,机舱、小木屋,日常生活,,,,
3344,conceal,18,常见,隐藏、隐瞒,动作行为,社交交互,,,
3345,eleven,18,常见,十一,时间日期,,,,
3346,formula,18,常见,公式,科学技术,,,,
3347,basket,18,常见,篮子,日常生活,,,,
3348,eligible,18,常见,合适的,抽象概念,性质与评价,,,
3349,immense,18,常见,巨大的,抽象概念,数量与程度,,,
3350,indulge,18,常见,迁就、放任,动作行为,身体动作,,,
3351,log,18,常见,圆木、原木,自然环境,,,,
3352,magnetic,18,常见,有吸引力的,科学技术,,,,
3353,seventy,18,常见,七十,时间日期,,,,
3354,slim,18,常见,苗条的,人类与社会,,,,
3355,surpass,18,常见,超越,动作行为,变化趋势,,,
3356,bend,18,常见,弯曲,动作行为,身体动作,,,
3357,charity,18,常见,慈善,文化宗教,,,,
3358,clarify,18,常见,澄清,动作行为,其他动作,,,
3359,defy,18,常见,反抗、藐视,动作行为,社交交互,defy description,,
3360,gratitude,18,常见,感激,情感心理,,,,
3361,morality,18,常见,道德,情感心理,,,,
3362,paradise,18,常见,天堂,文化宗教,,,paradize,
3363,prince,18,常见,王子,人类与社会,,,,
3364,revenge,18,常见,报复,动作行为,其他动作,,,
3365,van,18,常见,先导、货车,交通旅行,,,,
3366,champion,18,常见,冠军,运动娱乐,,,,
3367,chess,18,常见,国际象棋,运动娱乐,,,,
3368,chocolate,18,常见,巧克力,食物营养,,,,
3369,dear,18,常见,亲爱的,情感心理,,,,
3370,deceive,18,常见,欺骗,动作行为,社交交互,,,
3371,horror,18,常见,恐怖,情感心理,,,,
3372,juice,18,常见,果汁,食物营养,,,,
3373,princess,18,常见,公主,人类与社会,,,,
3374,shower,18,常见,淋浴,自然环境,,,,
3375,threshold,18,常见,门槛,空间地点,,,,
3376,vocal,18,常见,声音的、声乐作品,文化宗教,,,,
3377,autonomy,18,常见,自治,政治法律,,,,
3378,cloudy,18,常见,多云的,自然环境,,,,
3379,grief,18,常见,悲痛,情感心理,,,,
3380,hierarchy,18,常见,等级制度,政治法律,,,,
3381,probable,18,常见,很可能的,抽象概念,性质与评价,,,
3382,wooden,18,常见,木制的,抽象概念,性质与评价,,,
3383,comparative,17,常见,比较的、比较级,抽象概念,性质与评价,,,
3384,cartoon,17,常见,卡通,运动娱乐,,,,
3385,medal,17,常见,奖章,运动娱乐,,,,
3386,detach,17,常见,分离、派遣,动作行为,变化趋势,,,
3387,durable,17,常见,耐用持久的,抽象概念,性质与评价,,,
3388,partial,17,常见,部分的、偏袒的,抽象概念,性质与评价,partial explanation,,
3389,predator,17,常见,食肉动物,自然环境,,,,
3390,cruel,17,常见,残忍的,情感心理,,,,
3391,mend,17,常见,修补、修理,动作行为,身体动作,,,
3392,progressive,17,常见,渐进的、先进的,抽象概念,性质与评价,,,
3393,ratio,17,常见,比率,抽象概念,数量与程度,,,
3394,subscribe,17,常见,订阅,动作行为,其他动作,,,
3395,tactic,17,常见,策略,政治法律,,,,
3396,constrain,17,常见,限制,动作行为,使动与影响,,,
3397,dentist,17,常见,牙科医生,职业工作,,,,
3398,prone,17,常见,俯卧的,抽象概念,性质与评价,be prone to error,,
3399,refresh,17,常见,提神,动作行为,使动与影响,,,
3400,cooperative,17,常见,合作的,抽象概念,性质与评价,,,
3401,depart,17,常见,离开,动作行为,其他动作,,,
3402,endurance,17,常见,忍耐,抽象概念,性质与评价,,,
3403,glimpse,17,常见,瞥见,动作行为,身体动作,,,
3404,grandmother,17,常见,（外）祖母,人类与社会,,,,
3405,probe,17,常见,探测、探针,动作行为,身体动作,,,
3406,scrutiny,17,常见,监视,动作行为,评价与判断,,,
3407,shortcoming,17,常见,缺点,抽象概念,认知与抽象名词,,,
3408,subordinate,17,常见,次要的、下级的,职业工作,,,,
3409,drag,17,常见,拉、拽,动作行为,身体动作,,,
3410,expenditure,17,常见,开支,商业经济,,,,
3411,fantasy,17,常见,幻想,情感心理,,,,
3412,grey,17,常见,灰色的,交通旅行,,,gray,
3413,insult,17,常见,侮辱,动作行为,其他动作,,,
3414,persuasion,17,常见,说服,情感心理,,,,
3415,plug,17,常见,塞、插头,动作行为,身体动作,,,
3416,revelation,17,常见,启示,情感心理,,,,
3417,terrify,17,常见,使恐怖、使害怕,动作行为,使动与影响,,,
3418,algorithm,17,常见,算法,科学技术,,,,
3419,boycott,17,常见,拒绝参加,政治法律,,,,
3420,coincide,17,常见,一致,动作行为,其他动作,,,
3421,dealer,17,常见,经销商,职业工作,,,,
3422,disposal,17,常见,处理,抽象概念,认知与抽象名词,,,
3423,fever,17,常见,发烧,健康医疗,,,,
3424,forgive,17,常见,原谅,动作行为,社交交互,,,
3425,lawn,17,常见,草坪,自然环境,,,,
3426,lodge,17,常见,小屋、门房,动作行为,其他动作,,,
3427,nest,17,常见,窝,自然环境,,,,
3428,pill,17,常见,药丸,健康医疗,,,,
3429,spectrum,17,常见,光谱,科学技术,,,,
3430,turkey,17,常见,火鸡,食物营养,,,,
3431,bathroom,17,常见,浴室,日常生活,,,,
3432,chest,17,常见,胸,人类与社会,,,,
3433,foolish,17,常见,愚蠢的,情感心理,,,,
3434,frustrate,17,常见,挫败、使灰心,动作行为,使动与影响,,,
3435,lamp,17,常见,灯,日常生活,,,,
3436,league,17,常见,联盟,运动娱乐,,,,
3437,tablet,17,常见,平板电脑,日常生活,,,,
3438,affluent,17,常见,富裕的,商业经济,,,,
3439,cabinet,17,常见,内阁,政治法律,,,,
3440,collision,17,常见,碰撞,动作行为,身体动作,,,
3441,delicious,17,常见,美味的,食物营养,,,,
3442,duck,17,常见,鸭,自然环境,,,,
3443,monument,17,常见,纪念碑,空间地点,,,,
3444,pear,17,常见,梨树,食物营养,,,,
3445,spider,17,常见,蜘蛛,自然环境,,,,
3446,stack,17,常见,堆,日常生活,,,,
3447,tame,17,常见,驯服的、驯养,情感心理,,,,
3448,tent,17,常见,帐篷,日常生活,,,,
3449,tomato,17,常见,西红柿,食物营养,,,,
3450,helmet,16,常见,头盔,交通旅行,,,,
3451,fantastic,16,常见,奇异的、极好的,抽象概念,性质与评价,,,
3452,metropolitan,16,常见,大都市的,空间地点,,,,
3453,restraint,16,常见,克制,动作行为,社交交互,,,
3454,accordingly,16,常见,相应地、因此,抽象概念,逻辑与关系,,,
3455,drawing,16,常见,绘图,运动娱乐,,,,
3456,eighty,16,常见,八十,时间日期,,,,
3457,hi,16,常见,你好,情感心理,,,,
3458,inertia,16,常见,惯性,科学技术,,,,
3459,lately,16,常见,最近,时间日期,,,,
3460,lump,16,常见,块,日常生活,,,,
3461,ninety,16,常见,九十,时间日期,,,,
3462,plentiful,16,常见,丰富的,抽象概念,性质与评价,,,
3463,revolve,16,常见,围绕,动作行为,身体动作,,,
3464,theirs,16,常见,们的,人类与社会,,,,
3465,harmony,16,常见,和谐,情感心理,,,,
3466,breakdown,16,常见,崩溃、故障,健康医疗,,,,
3467,dash,16,常见,猛冲,动作行为,身体动作,,,
3468,flee,16,常见,逃跑,动作行为,身体动作,,,
3469,humorous,16,常见,幽默的,情感心理,,,,
3470,kit,16,常见,装备,日常生活,,,,
3471,magnify,16,常见,放大,动作行为,变化趋势,,,
3472,rubber,16,常见,橡胶,科学技术,,,,
3473,senate,16,常见,参议院,政治法律,,,,
3474,sixteen,16,常见,十六,时间日期,,,,
3475,spin,16,常见,旋转,动作行为,身体动作,,,
3476,tank,16,常见,坦克、水箱,日常生活,,,,
3477,thoughtful,16,常见,深思熟虑的,情感心理,,,,
3478,veteran,16,常见,老兵,职业工作,,,,
3479,angle,16,常见,角,科学技术,,,,
3480,brave,16,常见,勇敢的,情感心理,,,,
3481,cafe,16,常见,咖啡馆,食物营养,,,,
3482,compliment,16,常见,恭维,动作行为,社交交互,,,
3483,crew,16,常见,全体船员,职业工作,,,,
3484,envy,16,常见,嫉妒,情感心理,,,,
3485,illuminate,16,常见,照明、说明,动作行为,身体动作,,,
3486,metric,16,常见,度量,科学技术,,,,
3487,molecule,16,常见,分子,科学技术,,,,
3488,noisy,16,常见,嘈杂的、吵闹的,自然环境,,,,
3489,particle,16,常见,粒子,科学技术,,,,
3490,residence,16,常见,住宅,日常生活,,,,
3491,stain,16,常见,污点、着色,动作行为,其他动作,,,
3492,tangible,16,常见,有形的,抽象概念,性质与评价,tangible benefits,,
3493,chaos,16,常见,混乱,抽象概念,认知与抽象名词,,,
3494,hardware,16,常见,五金器具,科学技术,,,,
3495,harness,16,常见,利用,动作行为,占有与转移,,,
3496,legend,16,常见,传说,文化宗教,,,,
3497,premise,16,常见,前提,抽象概念,认知与抽象名词,,premize,
3498,refusal,16,常见,拒绝,情感心理,,,,
3499,technician,16,常见,技术员,职业工作,,,,
3500,toss,16,常见,投掷、辗转,动作行为,身体动作,,,
3501,turnover,16,常见,营业额,商业经济,,,,
3502,ally,16,常见,伙伴、同盟者,政治法律,,,,
3503,cruise,16,常见,巡航,交通旅行,,,cruize,
3504,deputy,16,常见,副手,职业工作,,,,
3505,diary,16,常见,日记,日常生活,,,,
3506,faint,16,常见,微弱的,情感心理,,,,
3507,gram,16,常见,克,科学技术,,,,
3508,idle,16,常见,无目的,抽象概念,性质与评价,,,
3509,lorry,16,常见,货车,交通旅行,,,,
3510,nut,16,常见,螺母、坚果,食物营养,,,,
3511,oven,16,常见,烤箱,日常生活,,,,
3512,overnight,16,常见,过夜,时间日期,,,,
3513,skyscraper,16,常见,摩天大楼,空间地点,,,,
3514,summit,16,常见,顶点,自然环境,,,,
3515,lens,16,常见,镜头,科学技术,,,,
3516,porter,16,常见,搬运工,职业工作,,,,
3517,practise,16,常见,练习,动作行为,社交交互,,practice,
3518,swell,16,常见,膨胀、涌,动作行为,使动与影响,,,
3519,sword,16,常见,剑,政治法律,,,,
3520,vacant,16,常见,空的,抽象概念,性质与评价,,,
3521,violin,16,常见,小提琴,运动娱乐,,,,
3522,weep,16,常见,哭泣,动作行为,身体动作,,,
3523,courtesy,15,常见,礼貌,情感心理,,,cortesy,
3524,doom,15,常见,厄运、注定,动作行为,其他动作,,,
3525,inhabit,15,常见,栖息,动作行为,其他动作,,,
3526,preferable,15,常见,更好的,抽象概念,性质与评价,,,
3527,sketch,15,常见,素描、草图,运动娱乐,,,,
3528,bang,15,常见,巨响、刘海,动作行为,身体动作,,,
3529,chamber,15,常见,室,空间地点,,,,
3530,enlighten,15,常见,启发,动作行为,社交交互,,,
3531,mixture,15,常见,混合,抽象概念,认知与抽象名词,,,
3532,pan,15,常见,平底锅,日常生活,,,,
3533,pearl,15,常见,珍珠,交通旅行,,,,
3534,acre,15,常见,英亩,自然环境,,,,
3535,conspicuous,15,常见,显著的、显眼的,抽象概念,性质与评价,,,
3536,fragile,15,常见,脆弱的,抽象概念,性质与评价,,,
3537,gigantic,15,常见,巨大的,抽象概念,数量与程度,,,
3538,overturn,15,常见,掀翻、推翻,动作行为,身体动作,,,
3539,propel,15,常见,推进,动作行为,使动与影响,,,
3540,sow,15,常见,播种、母猪,动作行为,身体动作,,,
3541,stove,15,常见,炉子,日常生活,,,,
3542,vain,15,常见,徒劳的,情感心理,,,,
3543,bold,15,常见,大胆的,情感心理,,,,
3544,clarity,15,常见,清楚,抽象概念,认知与抽象名词,,,
3545,dirt,15,常见,污垢、泥土,自然环境,,,,
3546,disclose,15,常见,揭露、公开,动作行为,其他动作,,,
3547,embody,15,常见,包含,动作行为,使动与影响,,,
3548,inject,15,常见,注入,健康医疗,,,,
3549,loom,15,常见,织布机,动作行为,身体动作,,,
3550,spacious,15,常见,宽敞的,抽象概念,性质与评价,,,
3551,astronaut,15,常见,宇航员,科学技术,,,,
3552,confer,15,常见,商讨,动作行为,占有与转移,,,
3553,conviction,15,常见,定罪,情感心理,,,,
3554,eyesight,15,常见,视力,人类与社会,,,,
3555,fabric,15,常见,织物,日常生活,,,,
3556,fragment,15,常见,片段,抽象概念,数量与程度,,,
3557,operational,15,常见,操作的、运作的,抽象概念,性质与评价,,,
3558,telegraph,15,常见,电报,科学技术,,,,
3559,zoo,15,常见,动物园,自然环境,,,,
3560,absurd,15,常见,荒唐、可笑的,抽象概念,性质与评价,,,
3561,anonymous,15,常见,匿名的,抽象概念,性质与评价,,,
3562,cheese,15,常见,奶酪,食物营养,,,,
3563,descendant,15,常见,后裔、后代,人类与社会,,,,
3564,downward,15,常见,向下,空间地点,,,,
3565,embarrass,15,常见,使尴尬、窘迫,情感心理,,,,
3566,probability,15,常见,可能性,抽象概念,认知与抽象名词,,,
3567,scenery,15,常见,风景,自然环境,,,,
3568,utmost,15,常见,极限、最大限度的,抽象概念,数量与程度,,,
3569,whichever,15,常见,无论哪一个,抽象概念,逻辑与关系,,,
3570,bare,15,常见,赤裸的、空的,人类与社会,,,,
3571,confess,15,常见,承认,动作行为,其他动作,,,
3572,coupon,15,常见,息票,商业经济,,,,
3573,discharge,15,常见,释放,动作行为,身体动作,,,
3574,drain,15,常见,下水道、排出,动作行为,占有与转移,,,
3575,garbage,15,常见,垃圾,日常生活,,,,
3576,handicap,15,常见,障碍,抽象概念,认知与抽象名词,,,
3577,hook,15,常见,钩,动作行为,其他动作,,,
3578,horrible,15,常见,可怕的,情感心理,,,,
3579,mad,15,常见,生气的、着迷的,情感心理,,,,
3580,marathon,15,常见,马拉松,运动娱乐,,,,
3581,optional,15,常见,可选的,抽象概念,性质与评价,,,
3582,orientation,15,常见,定位,抽象概念,认知与抽象名词,,,
3583,pit,15,常见,坑,自然环境,,,,
3584,questionnaire,15,常见,问卷,教育学习,,,,
3585,stake,15,常见,桩、赌注,日常生活,,,,
3586,stomach,15,常见,胃,人类与社会,,,,
3587,treaty,15,常见,条约,政治法律,,,,
3588,virgin,15,常见,处女,人类与社会,,,,
3589,acquaint,15,常见,告知,动作行为,使动与影响,,,
3590,ascribe,15,常见,归因于,动作行为,评价与判断,,,
3591,awful,15,常见,可怕的,情感心理,,,,
3592,button,15,常见,按钮,交通旅行,,,,
3593,cave,15,常见,洞穴,自然环境,,,,
3594,complement,15,常见,相辅相成、补语,动作行为,其他动作,,,
3595,confidential,15,常见,机密的,情感心理,,,,
3596,gear,15,常见,齿轮,科学技术,,,,
3597,installation,15,常见,安装,科学技术,,,"instilment, instillment",
3598,lively,15,常见,活泼的,情感心理,,,,
3599,portable,15,常见,轻便的,科学技术,,,,
3600,prayer,15,常见,祈祷,文化宗教,,,,
3601,renovate,15,常见,翻新、革新,动作行为,其他动作,,,
3602,swallow,15,常见,吞下、燕子,动作行为,身体动作,,,
3603,sweater,15,常见,毛衣,交通旅行,,,,
3604,trash,15,常见,垃圾,日常生活,,,,
3605,whisper,15,常见,低声说、窃窃私语,动作行为,身体动作,,,
3606,abnormal,15,常见,不正常的,抽象概念,性质与评价,,,
3607,bee,15,常见,蜜蜂,自然环境,,,,
3608,bucket,15,常见,大量、下倾盆大雨,日常生活,,,,
3609,defect,15,常见,缺陷,抽象概念,性质与评价,,,
3610,detective,15,常见,侦探,职业工作,,,,
3611,disrupt,15,常见,干扰,动作行为,使动与影响,,,
3612,identification,15,常见,识别,抽象概念,认知与抽象名词,,,
3613,loose,15,常见,松的,抽象概念,性质与评价,,,
3614,pig,15,常见,猪,自然环境,,,,
3615,pot,15,常见,壶,日常生活,,,,
3616,poultry,15,常见,家禽,食物营养,,,,
3617,recipe,15,常见,食谱,食物营养,,,,
3618,ridiculous,15,常见,荒谬的,情感心理,,,,
3619,slide,15,常见,滑,动作行为,使动与影响,,,
3620,texture,15,常见,纹理,日常生活,,,,
3621,embryo,14,常见,胚胎,健康医疗,,,,
3622,vapor,14,常见,蒸汽,自然环境,,,vapour,
3623,chancellor,14,常见,总理,政治法律,,,,
3624,deduce,14,常见,推断,动作行为,身体动作,,,
3625,glory,14,常见,荣耀,情感心理,,,,
3626,gum,14,常见,树胶、齿龈,食物营养,,,,
3627,hijack,14,常见,劫持,动作行为,其他动作,,,
3628,implicit,14,常见,含蓄的、绝对的,抽象概念,性质与评价,implicit meaning,,
3629,renaissance,14,常见,文艺复兴,文化宗教,,,,
3630,wholly,14,常见,完全地,抽象概念,数量与程度,,,
3631,ceiling,14,常见,天花板,日常生活,,,,
3632,default,14,常见,默认、违约,商业经济,,,,
3633,duration,14,常见,持续时间,时间日期,,,,
3634,resent,14,常见,恨,动作行为,评价与判断,,,
3635,slack,14,常见,松弛的、淡季、萧条的,抽象概念,性质与评价,,,
3636,unify,14,常见,使成为一体,动作行为,使动与影响,,,
3637,upright,14,常见,正直的、垂直,空间地点,,,,
3638,chew,14,常见,咀嚼,动作行为,身体动作,,,
3639,dense,14,常见,浓密的、密集的,抽象概念,性质与评价,,,
3640,finite,14,常见,有限的,抽象概念,性质与评价,,,
3641,impatient,14,常见,不耐烦的,情感心理,,,,
3642,intuition,14,常见,直觉,情感心理,,,,
3643,boil,14,常见,煮沸、沸腾,食物营养,,,,
3644,bureaucracy,14,常见,官僚,政治法律,,,,
3645,comprehend,14,常见,领悟,动作行为,心理活动,,,
3646,framework,14,常见,框架,科学技术,,,,
3647,hamper,14,常见,妨碍,动作行为,社交交互,,,
3648,logic,14,常见,逻辑,抽象概念,认知与抽象名词,,,
3649,sanction,14,常见,批准、处罚,政治法律,,,,
3650,snake,14,常见,蛇,自然环境,,,,
3651,breast,14,常见,乳房,人类与社会,,,,
3652,fiscal,14,常见,财政的,商业经济,,,,
3653,golf,14,常见,高尔夫球,运动娱乐,,,,
3654,realm,14,常见,领域,空间地点,,,,
3655,scarcely,14,常见,几乎不、刚刚,抽象概念,数量与程度,,,
3656,tragic,14,常见,悲惨的,情感心理,,,,
3657,transplant,14,常见,移植,健康医疗,,,,
3658,archive,14,常见,档案、存档,科学技术,,,,
3659,corridor,14,常见,走廊,空间地点,,,,
3660,dispose,14,常见,处理掉、解决,动作行为,其他动作,,,
3661,domain,14,常见,领域,空间地点,,,,
3662,extravagant,14,常见,奢侈的,情感心理,,,,
3663,flock,14,常见,一群,自然环境,,,,
3664,hybrid,14,常见,杂种,科学技术,,,,
3665,infinite,14,常见,无限,抽象概念,性质与评价,,,
3666,intrinsic,14,常见,内在的、固有的,抽象概念,性质与评价,intrinsic value,,
3667,masterpiece,14,常见,杰作,文化宗教,,,,
3668,vulgar,14,常见,粗俗的,抽象概念,性质与评价,,,
3669,aviation,14,常见,航空,交通旅行,,,,
3670,gentle,14,常见,温和的,情感心理,,,,
3671,mud,14,常见,泥,自然环境,,,,
3672,navigation,14,常见,导航,交通旅行,,,,
3673,ribbon,14,常见,缎带,交通旅行,,,,
3674,scandal,14,常见,丑闻,情感心理,,,,
3675,thread,14,常见,线,日常生活,,,,
3676,ache,14,常见,疼,健康医疗,,,,
3677,circulate,14,常见,循环、流通,动作行为,身体动作,,,
3678,cough,14,常见,咳,健康医疗,,,,
3679,deck,14,常见,甲板,交通旅行,,,,
3680,diploma,14,常见,文凭,教育学习,,,,
3681,elephant,14,常见,大象,自然环境,,,,
3682,feminine,14,常见,女性的,抽象概念,性质与评价,,,
3683,garage,14,常见,车库,日常生活,,,,
3684,hut,14,常见,小屋,日常生活,,,,
3685,imperial,14,常见,帝国的、皇帝,政治法律,,,,
3686,ministry,14,常见,内阁,政治法律,,,,
3687,neck,14,常见,脖子,人类与社会,,,,
3688,pant,14,常见,裤子,动作行为,身体动作,,,
3689,pest,14,常见,害虫,自然环境,,,,
3690,poster,14,常见,海报,日常生活,,,,
3691,pronoun,14,常见,代词,教育学习,,,,
3692,reconcile,14,常见,调和、一致,动作行为,使动与影响,reconcile A with B,,
3693,tender,14,常见,柔软、投标,情感心理,,,,
3694,premier,13,常见,总理,政治法律,,,,
3695,hug,13,常见,拥抱,动作行为,身体动作,,,
3696,nasty,13,常见,丑陋的、惹人厌的,情感心理,,,,
3697,ideology,13,常见,意识形态,文化宗教,,,,
3698,laser,13,常见,激光,科学技术,,,,
3699,legacy,13,常见,遗赠物,人类与社会,,,,
3700,entail,13,常见,意味着,动作行为,心理活动,,,
3701,nail,13,常见,钉、钉子,日常生活,,,,
3702,broker,13,常见,经纪人,职业工作,,,,
3703,crown,13,常见,王冠,交通旅行,,,,
3704,lever,13,常见,杠杆,科学技术,,,,
3705,likelihood,13,常见,可能性,抽象概念,认知与抽象名词,,,
3706,limb,13,常见,肢体,人类与社会,,,,
3707,proclaim,13,常见,表明、声明,动作行为,社交交互,,,
3708,swing,13,常见,摇摆、秋千,动作行为,身体动作,,,
3709,await,13,常见,等候,动作行为,其他动作,,,
3710,comedy,13,常见,喜剧,运动娱乐,,,,
3711,condemn,13,常见,谴责,动作行为,社交交互,,,
3712,dust,13,常见,灰尘,自然环境,,,,
3713,filter,13,常见,过滤,科学技术,,,,
3714,fluid,13,常见,流体,科学技术,,,,
3715,incidentally,13,常见,偶然地、附带地,抽象概念,逻辑与关系,,,
3716,parade,13,常见,游行,运动娱乐,,,,
3717,pave,13,常见,铺路,动作行为,其他动作,,,
3718,preliminary,13,常见,初步的,抽象概念,性质与评价,,,
3719,shield,13,常见,盾,动作行为,社交交互,,,
3720,terminate,13,常见,终止,动作行为,使动与影响,,,
3721,tow,13,常见,拖,动作行为,身体动作,,,
3722,uneasy,13,常见,不安的,情感心理,,,,
3723,weave,13,常见,编织,动作行为,身体动作,,,
3724,blur,13,常见,模糊,抽象概念,认知与抽象名词,,,
3725,contemplate,13,常见,沉思、打算,动作行为,心理活动,,,
3726,discriminate,13,常见,区分、辨别,动作行为,评价与判断,,,
3727,handsome,13,常见,英俊的,情感心理,,,,
3728,insure,13,常见,确保,动作行为,其他动作,,,
3729,intricate,13,常见,复杂的,抽象概念,性质与评价,intricate details,,
3730,kindness,13,常见,善良,情感心理,,,,
3731,receipt,13,常见,收据,商业经济,,,,
3732,uncover,13,常见,揭开,动作行为,其他动作,,,
3733,worship,13,常见,崇拜,动作行为,心理活动,,,
3734,acid,13,常见,酸,科学技术,,,,
3735,boot,13,常见,靴子、踢,交通旅行,,,,
3736,extinct,13,常见,灭绝的,自然环境,,,,
3737,hamburger,13,常见,汉堡包,食物营养,,,,
3738,hawk,13,常见,鹰,自然环境,,,,
3739,hydrogen,13,常见,氢,科学技术,,,,
3740,patrol,13,常见,巡逻,政治法律,,,,
3741,picnic,13,常见,野餐,运动娱乐,,,,
3742,repel,13,常见,击退、排斥,动作行为,身体动作,,,
3743,simultaneous,13,常见,同时发生的,时间日期,,,,
3744,sin,13,常见,犯罪,文化宗教,,,,
3745,spacecraft,13,常见,宇宙飞船,交通旅行,,,,
3746,splendid,13,常见,辉煌的,情感心理,,,,
3747,spokesman,13,常见,发言人,职业工作,,,,
3748,spray,13,常见,喷雾,动作行为,身体动作,,,
3749,voyage,13,常见,航行,交通旅行,,,,
3750,withstand,13,常见,承受,动作行为,社交交互,withstand pressure,,
3751,beverage,13,常见,饮料,食物营养,,,,
3752,bulb,13,常见,电灯泡,科学技术,,,,
3753,erect,13,常见,建立、直立的,动作行为,身体动作,,,
3754,expire,13,常见,期满、终止,动作行为,起始与终止,,,
3755,grace,13,常见,优雅,情感心理,,,,
3756,gulf,13,常见,海湾,自然环境,,,,
3757,layout,13,常见,布局,日常生活,,,,
3758,librarian,13,常见,图书管理员,职业工作,,,,
3759,lover,13,常见,情人,人类与社会,,,,
3760,marital,13,常见,婚姻的,人类与社会,,,,
3761,needle,13,常见,针,日常生活,,,,
3762,precedent,13,常见,先例,抽象概念,认知与抽象名词,,,
3763,pub,13,常见,酒吧,食物营养,,,,
3764,reckless,13,常见,鲁莽的,情感心理,,,,
3765,spill,13,常见,泄漏,动作行为,其他动作,,,
3766,stair,13,常见,楼梯,日常生活,,,,
3767,ashamed,13,常见,羞耻的,情感心理,,,,
3768,aunt,13,常见,姑、姨,人类与社会,,,,
3769,bald,13,常见,秃头的、单调的,人类与社会,,,,
3770,bankrupt,13,常见,破产的,商业经济,,,,
3771,choke,13,常见,窒息、抑制,动作行为,身体动作,,,
3772,cumulative,13,常见,累积的,抽象概念,性质与评价,,,
3773,dubious,13,常见,可疑的,情感心理,,,,
3774,eagle,13,常见,鹰,自然环境,,,,
3775,gently,13,常见,温柔地,抽象概念,性质与评价,,,
3776,integral,13,常见,完整的,抽象概念,性质与评价,,,
3777,mediate,13,常见,调停,动作行为,社交交互,,,
3778,organise,13,常见,组织,动作行为,身体动作,,organize,
3779,overtake,13,常见,赶上,动作行为,身体动作,,,
3780,pulse,13,常见,脉搏,科学技术,,,,
3781,quantify,13,常见,量化,动作行为,评价与判断,,,
3782,respective,13,常见,各自的,抽象概念,性质与评价,,,
3783,riot,13,常见,骚乱、暴乱,政治法律,,,,
3784,situate,13,常见,坐落在、的,动作行为,使动与影响,,,
3785,skate,13,常见,滑冰,运动娱乐,,,,
3786,specification,13,常见,规格,科学技术,,,,
3787,sweat,13,常见,汗水,健康医疗,,,,
3788,transit,13,常见,运输,交通旅行,,,,
3789,tumble,13,常见,暴跌、跌倒,动作行为,身体动作,,,
3790,rap,12,常见,说唱音乐、轻敲,动作行为,身体动作,,,
3791,geology,12,常见,地质学,科学技术,,,,
3792,inference,12,常见,推理,抽象概念,认知与抽象名词,,,
3793,cocaine,12,常见,可卡因,健康医疗,,,,
3794,graph,12,常见,图表,科学技术,,,,
3795,monarch,12,常见,君主,政治法律,,,,
3796,multitude,12,常见,大量、多数,抽象概念,数量与程度,,,
3797,succession,12,常见,连续,时间日期,,,,
3798,analogy,12,常见,类比,抽象概念,认知与抽象名词,,,
3799,despair,12,常见,绝望,情感心理,,,,
3800,forge,12,常见,伪造、建立,动作行为,其他动作,,,
3801,hitherto,12,常见,迄今,时间日期,,,,
3802,predecessor,12,常见,前任,职业工作,,,,
3803,whereby,12,常见,凭借,抽象概念,逻辑与关系,,,
3804,aboard,12,常见,上船、在船上,空间地点,,,,
3805,beard,12,常见,胡须,人类与社会,,,,
3806,bypass,12,常见,绕开、旁道,交通旅行,,,,
3807,chemist,12,常见,化学家,职业工作,,,,
3808,chunk,12,常见,厚块、大片,抽象概念,数量与程度,,,
3809,drawback,12,常见,缺点,抽象概念,认知与抽象名词,,,
3810,economical,12,常见,经济的,商业经济,,,,
3811,ink,12,常见,墨水,日常生活,,,,
3812,medieval,12,常见,中世纪的,时间日期,,,mediaeval,
3813,nod,12,常见,点头,动作行为,身体动作,,,
3814,simplicity,12,常见,简单,抽象概念,认知与抽象名词,,,
3815,superstition,12,常见,迷信,文化宗教,,,,
3816,triple,12,常见,三倍的,抽象概念,数量与程度,,,
3817,unfold,12,常见,展开,动作行为,身体动作,,,
3818,accountant,12,常见,会计师,职业工作,,,,
3819,bunch,12,常见,束、一群,日常生活,,,,
3820,elder,12,常见,年长的、长者,人类与社会,,,,
3821,erase,12,常见,抹去,动作行为,身体动作,,,
3822,fearful,12,常见,可怕的,情感心理,,,,
3823,glow,12,常见,光辉,动作行为,其他动作,,,
3824,holy,12,常见,神圣的,文化宗教,,,,
3825,inclusive,12,常见,在内的、包罗广泛的,抽象概念,性质与评价,,,
3826,jar,12,常见,罐子,日常生活,,,,
3827,outward,12,常见,向外的、向外、在外,空间地点,,,,
3828,plague,12,常见,瘟疫,健康医疗,,,,
3829,refute,12,常见,反驳、驳斥,动作行为,其他动作,refute the argument,,
3830,spontaneous,12,常见,自然产生的,抽象概念,性质与评价,,,
3831,adhere,12,常见,坚持,动作行为,使动与影响,,,
3832,aluminum,12,常见,铝,科学技术,,,aluminium,
3833,bleed,12,常见,流血,健康医疗,,,,
3834,catalog,12,常见,目录,教育学习,,,catalogue,
3835,erupt,12,常见,爆发,动作行为,其他动作,,,
3836,explosive,12,常见,炸药,自然环境,,,,
3837,fluctuate,12,常见,波动,动作行为,使动与影响,fluctuating prices,,
3838,fur,12,常见,毛皮,交通旅行,,,,
3839,gut,12,常见,内脏、肠子,人类与社会,,,,
3840,heal,12,常见,治愈,动作行为,其他动作,,,
3841,irritate,12,常见,激怒,动作行为,使动与影响,,,
3842,liberty,12,常见,自由,政治法律,,,,
3843,parcel,12,常见,包裹,日常生活,,,,
3844,sheep,12,常见,羊,自然环境,,,,
3845,summon,12,常见,召唤,动作行为,社交交互,,,
3846,terminal,12,常见,终点、末端,空间地点,,,,
3847,tremble,12,常见,颤抖,动作行为,身体动作,,,
3848,tribute,12,常见,贡品、称赞,文化宗教,,,,
3849,devil,12,常见,魔鬼,文化宗教,,,,
3850,diplomatic,12,常见,外交的、老练的,政治法律,,,,
3851,displace,12,常见,取代,动作行为,其他动作,,,
3852,echo,12,常见,回声,动作行为,其他动作,,,
3853,evoke,12,常见,唤起,动作行为,心理活动,evoke memories,,
3854,funeral,12,常见,葬礼,文化宗教,,,,
3855,mammal,12,常见,哺乳动物,自然环境,,,,
3856,midst,12,常见,中间,空间地点,,,,
3857,offset,12,常见,抵消,动作行为,占有与转移,,,
3858,peasant,12,常见,农民,人类与社会,,,,
3859,scold,12,常见,斥责,动作行为,其他动作,,,
3860,slump,12,常见,暴跌,商业经济,,,,
3861,tail,12,常见,尾巴,人类与社会,,,,
3862,typewriter,12,常见,打字机,科学技术,,,,
3863,accent,12,常见,口音,文化宗教,,,,
3864,accordance,12,常见,符合、一致,抽象概念,认知与抽象名词,,,
3865,anniversary,12,常见,周年纪念,时间日期,,,,
3866,banana,12,常见,香蕉,食物营养,,,,
3867,bloom,12,常见,花,自然环境,,,,
3868,catastrophe,12,常见,大灾难,自然环境,,,,
3869,certify,12,常见,证明,动作行为,评价与判断,,,
3870,collide,12,常见,碰撞,动作行为,身体动作,,,
3871,cord,12,常见,绳索,日常生活,,,,
3872,denial,12,常见,否认,情感心理,,,,
3873,dormitory,12,常见,集体宿舍,日常生活,,,,
3874,lemon,12,常见,柠檬,食物营养,,,,
3875,ounce,12,常见,盎司,科学技术,,,,
3876,pedestrian,12,常见,行人,交通旅行,,,,
3877,sail,12,常见,航行、帆,交通旅行,,,,
3878,salad,12,常见,色拉,食物营养,,,,
3879,scenario,12,常见,场景,抽象概念,认知与抽象名词,,,
3880,sightseeing,12,常见,游览,交通旅行,,,,
3881,silk,12,常见,丝,交通旅行,,,,
3882,slope,12,常见,斜坡、倾斜,自然环境,,,,
3883,sob,12,常见,呜咽、哭泣,动作行为,身体动作,,,
3884,warfare,12,常见,战争,政治法律,,,,
3885,juvenile,11,常见,青少年,人类与社会,,,,
3886,pilgrim,11,常见,朝圣者,文化宗教,,,,
3887,stadium,11,常见,体育场,运动娱乐,,,,
3888,evade,11,常见,逃避,动作行为,其他动作,,,
3889,saturate,11,常见,使饱和、使充满,动作行为,使动与影响,,,
3890,token,11,常见,象征、象征性的,文化宗教,,,,
3891,conscience,11,常见,良心,情感心理,,,,
3892,continual,11,常见,不断的,时间日期,,,,
3893,diligent,11,常见,勤奋的,情感心理,,,,
3894,exemplify,11,常见,例证,动作行为,身体动作,,,
3895,hail,11,常见,冰雹,自然环境,,,,
3896,numerical,11,常见,数字的,科学技术,,,,
3897,orderly,11,常见,有秩序的、整齐的,抽象概念,性质与评价,,,
3898,warrant,11,常见,保证、授权,动作行为,评价与判断,,,
3899,comprise,11,常见,包含,动作行为,使动与影响,be comprised of,comprize,
3900,dental,11,常见,牙齿的,健康医疗,,,,
3901,flavor,11,常见,风味,食物营养,,,flavour,
3902,kilogram,11,常见,公斤,科学技术,,,,
3903,preach,11,常见,说教、讲道,动作行为,身体动作,,,
3904,presently,11,常见,不久、目前,时间日期,,,,
3905,prose,11,常见,散文,文化宗教,,,,
3906,shark,11,常见,鲨鱼,自然环境,,,,
3907,thirteen,11,常见,十三,时间日期,,,,
3908,vertical,11,常见,垂直的,空间地点,,,,
3909,administer,11,常见,管理,职业工作,,,,
3910,aspire,11,常见,立志,情感心理,,,,
3911,attorney,11,常见,律师,职业工作,,,,
3912,classification,11,常见,分类,教育学习,,,,
3913,declaration,11,常见,宣告、声明,动作行为,社交交互,,,
3914,editorial,11,常见,社论,教育学习,,,,
3915,explicit,11,常见,明确的,抽象概念,性质与评价,explicit rules,,
3916,fruitful,11,常见,富有成效的,抽象概念,性质与评价,,,
3917,meantime,11,常见,同时,时间日期,,,,
3918,nightmare,11,常见,恶梦,情感心理,,,,
3919,ornament,11,常见,装饰,日常生活,,,,
3920,perpetual,11,常见,永久的,时间日期,,,,
3921,pregnant,11,常见,怀孕的,健康医疗,,,,
3922,rally,11,常见,集会,动作行为,变化趋势,,,
3923,rebel,11,常见,反抗,动作行为,社交交互,,,
3924,successive,11,常见,连续的,时间日期,,,,
3925,tin,11,常见,锡,科学技术,,,,
3926,warehouse,11,常见,仓库,日常生活,,,,
3927,wit,11,常见,机智、才智,情感心理,,,,
3928,arithmetic,11,常见,算术,教育学习,,,,
3929,axis,11,常见,轴,科学技术,,,,
3930,brisk,11,常见,轻快的、活跃的,动作行为,其他动作,,,
3931,cage,11,常见,笼子,日常生活,,,,
3932,casualty,11,常见,事故,健康医疗,,,,
3933,certainty,11,常见,确定,抽象概念,认知与抽象名词,,,
3934,clause,11,常见,条款,教育学习,,,,
3935,curse,11,常见,诅咒,动作行为,其他动作,,,
3936,disguise,11,常见,伪装,动作行为,身体动作,,disguize,
3937,doorway,11,常见,门口,日常生活,,,,
3938,faithful,11,常见,忠实的,情感心理,,,,
3939,ghost,11,常见,鬼魂,文化宗教,,,,
3940,greedy,11,常见,贪婪的,情感心理,,,,
3941,illustration,11,常见,插图、说明,教育学习,,,,
3942,imaginary,11,常见,虚构的,情感心理,,,,
3943,marginal,11,常见,微小的、边际的,抽象概念,性质与评价,,,
3944,obsession,11,常见,困扰,情感心理,,,,
3945,offensive,11,常见,冒犯的、进攻性的,情感心理,,,,
3946,petroleum,11,常见,石油,科学技术,,,,
3947,ponder,11,常见,考虑,动作行为,身体动作,,,
3948,port,11,常见,港口,交通旅行,,,,
3949,safeguard,11,常见,保护,动作行为,身体动作,,,
3950,signify,11,常见,表示、意味着,动作行为,评价与判断,,,
3951,simulate,11,常见,模拟、冒充,动作行为,身体动作,,,
3952,sphere,11,常见,球,科学技术,,,,
3953,thumb,11,常见,拇指,人类与社会,,,,
3954,transparent,11,常见,透明的,抽象概念,性质与评价,,,
3955,album,11,常见,相册,文化宗教,,,,
3956,analyse,11,常见,分析,动作行为,评价与判断,,analyze,
3957,arbitrary,11,常见,任意的,抽象概念,性质与评价,arbitrary decision,,
3958,arrogant,11,常见,傲慢的,情感心理,,,,
3959,candle,11,常见,蜡烛,日常生活,,,,
3960,closet,11,常见,壁橱,日常生活,,,,
3961,duplicate,11,常见,重复,动作行为,身体动作,,,
3962,evaporate,11,常见,蒸发,动作行为,变化趋势,,,
3963,ferry,11,常见,渡船,交通旅行,,,,
3964,gossip,11,常见,闲话,情感心理,,,,
3965,hopeful,11,常见,有希望的,情感心理,,,,
3966,immerse,11,常见,浸,动作行为,身体动作,,,
3967,impart,11,常见,传授,动作行为,社交交互,,,
3968,intimidate,11,常见,恐吓、威胁,动作行为,社交交互,,,
3969,neat,11,常见,整洁的,情感心理,,,,
3970,omit,11,常见,省略,动作行为,其他动作,,,
3971,prosper,11,常见,成功,动作行为,使动与影响,,,
3972,scarce,11,常见,稀少的、罕见的,抽象概念,性质与评价,scarce resources,,
3973,thunder,11,常见,闪电,自然环境,,,,
3974,timber,11,常见,木材,自然环境,,,,
3975,accessory,11,常见,配件,日常生活,,,,
3976,awe,11,常见,敬畏,情感心理,,,,
3977,bath,11,常见,洗澡,日常生活,,,,
3978,bully,11,常见,欺负,动作行为,身体动作,,,
3979,carriage,11,常见,运输、四轮马车,交通旅行,,,,
3980,cube,11,常见,立方,科学技术,,,,
3981,elevator,11,常见,电梯、升降机,日常生活,,,,
3982,fixture,11,常见,固定装置,日常生活,,,,
3983,honey,11,常见,蜂蜜,食物营养,,,,
3984,infectious,11,常见,传染的,健康医疗,,,,
3985,lamb,11,常见,羔羊,自然环境,,,,
3986,merchant,11,常见,商人,职业工作,,,,
3987,pitch,11,常见,球场、投,动作行为,身体动作,,,
3988,polar,11,常见,极性,自然环境,,,,
3989,reassure,11,常见,再保证,动作行为,使动与影响,,,
3990,sand,11,常见,沙,自然环境,,,,
3991,scrape,11,常见,擦伤、刮掉,动作行为,身体动作,,,
3992,sorrow,11,常见,悲伤,情感心理,,,,
3993,ugly,11,常见,丑陋的,情感心理,,,,
3994,whoever,11,常见,任何人、不管谁,人类与社会,,,,
3995,captive,10,常见,俘虏,人类与社会,,,,
3996,cosmic,10,常见,宇宙的,自然环境,,,,
3997,cucumber,10,常见,黄瓜,食物营养,,,,
3998,grape,10,常见,葡萄,食物营养,,,,
3999,eyebrow,10,常见,眉毛,人类与社会,,,,
4000,heroin,10,常见,海洛因,健康医疗,,,,
4001,apparatus,10,常见,装置,科学技术,,,,
4002,coherent,10,常见,一致的、连贯的,抽象概念,性质与评价,coherent argument,,
4003,shot,10,常见,开枪、发射、拍摄,动作行为,身体动作,,,
4004,mock,10,常见,嘲笑、模仿,动作行为,身体动作,,,
4005,opening,10,常见,开幕,空间地点,,,,
4006,tractor,10,常见,牵引车,自然环境,,,,
4007,deploy,10,常见,部署,动作行为,使动与影响,,,
4008,dome,10,常见,圆屋顶,空间地点,,,,
4009,lottery,10,常见,彩票,商业经济,,,,
4010,monster,10,常见,怪物,自然环境,,,,
4011,constituent,10,常见,成分,政治法律,,,,
4012,eighteen,10,常见,十八,时间日期,,,,
4013,emigrate,10,常见,移民,动作行为,其他动作,,,
4014,hatred,10,常见,仇恨,情感心理,,,,
4015,indicative,10,常见,指示的、陈述语气,抽象概念,性质与评价,,,
4016,lounge,10,常见,休息室,日常生活,,,,
4017,ore,10,常见,矿,自然环境,,,,
4018,pastime,10,常见,消遣,运动娱乐,,,,
4019,plead,10,常见,恳求,动作行为,身体动作,,,
4020,recur,10,常见,重现,动作行为,其他动作,,,
4021,soak,10,常见,浸,动作行为,其他动作,,,
4022,sunrise,10,常见,日出,时间日期,,,sunrize,
4023,susceptible,10,常见,易受感染的,抽象概念,性质与评价,be susceptible to,,
4024,agony,10,常见,极度痛苦,情感心理,,,,
4025,bizarre,10,常见,奇异的,抽象概念,性质与评价,,,
4026,conversely,10,常见,相反地,抽象概念,逻辑与关系,,,
4027,dedicate,10,常见,致力于,动作行为,其他动作,be dedicated to,,
4028,extinguish,10,常见,扑灭,动作行为,身体动作,,,
4029,fetch,10,常见,取来,动作行为,身体动作,,,
4030,glove,10,常见,手套,交通旅行,,,,
4031,incur,10,常见,招致,动作行为,其他动作,,,
4032,invalid,10,常见,无效的,健康医疗,,,,
4033,loosen,10,常见,放松,动作行为,其他动作,,,
4034,orchestra,10,常见,管弦乐队,运动娱乐,,,,
4035,pottery,10,常见,陶器,日常生活,,,,
4036,quantitative,10,常见,定量的,抽象概念,性质与评价,,,
4037,spectacle,10,常见,景象、奇观,运动娱乐,,,,
4038,stripe,10,常见,条纹,交通旅行,,,,
4039,viewpoint,10,常见,观点,情感心理,,,,
4040,alternate,10,常见,交替,动作行为,身体动作,,,
4041,attendant,10,常见,服务员,职业工作,,,,
4042,ballet,10,常见,芭蕾舞,运动娱乐,,,,
4043,clash,10,常见,冲突,动作行为,身体动作,,,
4044,comic,10,常见,喜剧演员、滑稽的,运动娱乐,,,,
4045,converge,10,常见,会聚、集中,动作行为,变化趋势,,,
4046,correspondence,10,常见,通信,情感心理,,,,
4047,costume,10,常见,服装,交通旅行,,,,
4048,designate,10,常见,指定,动作行为,社交交互,,,
4049,eve,10,常见,前夕,时间日期,,,,
4050,explode,10,常见,爆炸,动作行为,使动与影响,,,
4051,handwriting,10,常见,笔迹,教育学习,,,,
4052,invasion,10,常见,侵略,政治法律,,,,
4053,jewelry,10,常见,珠宝,交通旅行,,,jewellery,
4054,layoff,10,常见,临时解雇、操作停止,职业工作,,,,
4055,messenger,10,常见,报信者,职业工作,,,,
4056,oral,10,常见,口述的,教育学习,,,,
4057,outbreak,10,常见,爆发,动作行为,其他动作,,,
4058,portrait,10,常见,肖像,运动娱乐,,,,
4059,procession,10,常见,队伍,运动娱乐,,,,
4060,recognise,10,常见,意识到、认可,动作行为,评价与判断,,recognize,
4061,southeast,10,常见,东南,空间地点,,,,
4062,standpoint,10,常见,立场,情感心理,,,,
4063,string,10,常见,线、弦、一串,日常生活,,,,
4064,stroll,10,常见,漫步,动作行为,其他动作,,,
4065,stumble,10,常见,绊倒、蹒跚,动作行为,社交交互,,,
4066,temperament,10,常见,气质,情感心理,,,,
4067,transistor,10,常见,晶体管,科学技术,,,,
4068,verse,10,常见,诗,文化宗教,,,,
4069,void,10,常见,空白、无效的、空虚,抽象概念,性质与评价,,,
4070,adverse,10,常见,不利的,抽象概念,性质与评价,,,
4071,amplify,10,常见,扩大,动作行为,社交交互,,,
4072,bacon,10,常见,培根、熏肉,食物营养,,,,
4073,butterfly,10,常见,蝴蝶,自然环境,,,,
4074,cargo,10,常见,货物,商业经济,,,,
4075,chill,10,常见,寒冷、寒冷的,健康医疗,,,,
4076,commonplace,10,常见,平凡的、老生常谈,抽象概念,性质与评价,,,
4077,compact,10,常见,紧凑的,抽象概念,性质与评价,,,
4078,concession,10,常见,让步,政治法律,,,,
4079,confuse,10,常见,混淆,动作行为,使动与影响,,,
4080,convict,10,常见,罪犯,动作行为,评价与判断,,,
4081,dwarf,10,常见,侏儒,人类与社会,,,,
4082,embark,10,常见,着手,动作行为,身体动作,,,
4083,embed,10,常见,嵌入,动作行为,身体动作,,,
4084,fuss,10,常见,大惊小怪,情感心理,,,,
4085,namely,10,常见,即,抽象概念,逻辑与关系,,,
4086,permeate,10,常见,渗透,动作行为,变化趋势,,,
4087,resemblance,10,常见,相似,抽象概念,认知与抽象名词,,,
4088,sometime,10,常见,改天、来日,时间日期,,,,
4089,staple,10,常见,主要的、订书钉,日常生活,,,,
4090,suck,10,常见,吸,动作行为,身体动作,,,
4091,terror,10,常见,恐惧,情感心理,,,,
4092,tonight,10,常见,今晚,时间日期,,,,
4093,wardrobe,10,常见,衣柜,日常生活,,,,
4094,wreck,10,常见,残骸、破坏,动作行为,使动与影响,,,
4095,blouse,10,常见,女衬衫,交通旅行,,,,
4096,bow,10,常见,鞠躬,动作行为,身体动作,,,
4097,cafeteria,10,常见,自助餐厅,食物营养,,,,
4098,cheek,10,常见,脸颊,人类与社会,,,,
4099,compatible,10,常见,兼容,抽象概念,性质与评价,,,
4100,courtyard,10,常见,院子,日常生活,,,cortyard,
4101,descent,10,常见,下降,空间地点,,,,
4102,dessert,10,常见,甜点,食物营养,,,,
4103,excursion,10,常见,远足,交通旅行,,,,
4104,expel,10,常见,驱逐,动作行为,其他动作,,,
4105,fax,10,常见,传真,科学技术,,,,
4106,fisherman,10,常见,渔夫,职业工作,,,,
4107,fleet,10,常见,舰队,交通旅行,,,,
4108,graphic,10,常见,图表,科学技术,,,,
4109,haul,10,常见,拖、拉,动作行为,身体动作,,,
4110,hell,10,常见,地狱,文化宗教,,,,
4111,ingenious,10,常见,精巧的、有独创性的,情感心理,,,,
4112,kiss,10,常见,亲吻,动作行为,其他动作,,,
4113,meditation,10,常见,冥想,动作行为,心理活动,,,
4114,merchandise,10,常见,商品,商业经济,,,merchandize,
4115,oppress,10,常见,压迫,动作行为,身体动作,,,
4116,repetition,10,常见,重复,动作行为,其他动作,,,
4117,rod,10,常见,杆,日常生活,,,,
4118,rub,10,常见,擦,动作行为,身体动作,,,
4119,script,10,常见,脚本,文化宗教,,,,
4120,smash,10,常见,粉碎、打碎,动作行为,身体动作,,,
4121,solemn,10,常见,庄严的,情感心理,,,,
4122,solitary,10,常见,孤独的,情感心理,,,,
4123,successor,10,常见,接班人,人类与社会,,,,
4124,sway,10,常见,影响、摇摆,动作行为,身体动作,,,
4125,testimony,10,常见,证明,政治法律,,,,
4126,weed,10,常见,杂草,自然环境,,,,
4127,auction,9,一般,拍卖,商业经济,,,,
4128,clip,9,一般,修剪、夹子,动作行为,身体动作,,,
4129,corrupt,9,一般,腐败,动作行为,占有与转移,,,
4130,garment,9,一般,衣服,交通旅行,,,,
4131,colonial,9,一般,殖民地的,政治法律,,,,
4132,conductor,9,一般,指挥、导体,科学技术,,,,
4133,cripple,9,一般,跛子、削弱,健康医疗,,,,
4134,mandate,9,一般,授权,政治法律,,,,
4135,microscope,9,一般,显微镜,科学技术,,,,
4136,reign,9,一般,统治,动作行为,社交交互,,,
4137,verdict,9,一般,裁决,政治法律,,,,
4138,augment,9,一般,增加,动作行为,使动与影响,,,
4139,carve,9,一般,雕刻,动作行为,身体动作,,,
4140,compile,9,一般,编译,动作行为,身体动作,,,
4141,foremost,9,一般,最重要的,抽象概念,性质与评价,,,
4142,gasp,9,一般,喘气、喘息,动作行为,身体动作,,,
4143,hygiene,9,一般,卫生,健康医疗,,,,
4144,negligible,9,一般,微不足道的,抽象概念,性质与评价,,,
4145,penny,9,一般,便士,商业经济,,,,
4146,soap,9,一般,肥皂,日常生活,,,,
4147,statesman,9,一般,政治家,政治法律,,,,
4148,stationary,9,一般,稳定的,抽象概念,性质与评价,,,
4149,tentative,9,一般,暂时的,抽象概念,性质与评价,a tentative conclusion,,
4150,uphold,9,一般,维护,动作行为,身体动作,,,
4151,agreeable,9,一般,愉快的,情感心理,,,,
4152,anecdote,9,一般,轶事,文化宗教,,,,
4153,discourse,9,一般,讨论、谈话,动作行为,社交交互,,discorse,
4154,dot,9,一般,点缀,日常生活,,,,
4155,flatter,9,一般,奉承,动作行为,使动与影响,,,
4156,knot,9,一般,结,日常生活,,,,
4157,mercy,9,一般,仁慈,情感心理,,,,
4158,naive,9,一般,天真的,情感心理,,,,
4159,outset,9,一般,开始,时间日期,,,,
4160,sacred,9,一般,神圣的,文化宗教,,,,
4161,sovereign,9,一般,君主、至高无上的,政治法律,,,,
4162,turbulent,9,一般,动荡的、狂暴的,抽象概念,性质与评价,,,
4163,vicious,9,一般,恶毒的,情感心理,,,,
4164,ample,9,一般,充足的,抽象概念,数量与程度,,,
4165,atom,9,一般,原子,科学技术,,,,
4166,banquet,9,一般,宴会,日常生活,,,,
4167,bleak,9,一般,萧瑟的、无希望的,自然环境,,,,
4168,concise,9,一般,简明的,抽象概念,性质与评价,,concize,
4169,disperse,9,一般,分散,动作行为,变化趋势,,,
4170,dividend,9,一般,被除数、股息,商业经济,,,,
4171,documentary,9,一般,纪录片,教育学习,,,,
4172,exempt,9,一般,免除,动作行为,其他动作,,,
4173,facet,9,一般,方面,抽象概念,认知与抽象名词,,,
4174,freight,9,一般,货运,商业经济,,,,
4175,hover,9,一般,盘旋,动作行为,起始与终止,,,
4176,hum,9,一般,哼、嗡嗡声,动作行为,其他动作,,,
4177,impair,9,一般,损害,动作行为,使动与影响,impair one's ability,,
4178,levy,9,一般,征收,商业经济,,,,
4179,mainland,9,一般,洲、大陆,空间地点,,,,
4180,northeast,9,一般,东北,空间地点,,,,
4181,notorious,9,一般,臭名昭著的,情感心理,,be notorious for,,
4182,pamphlet,9,一般,小册子,教育学习,,,,
4183,periodical,9,一般,期刊,教育学习,,,,
4184,perish,9,一般,毁灭,动作行为,使动与影响,,,
4185,purse,9,一般,钱包,日常生活,,,,
4186,shallow,9,一般,浅的,抽象概念,性质与评价,,,
4187,signature,9,一般,签署,教育学习,,,,
4188,solidarity,9,一般,团结,情感心理,,,,
4189,toil,9,一般,辛苦,动作行为,其他动作,,,
4190,allege,9,一般,宣称,动作行为,社交交互,,,
4191,bud,9,一般,芽,自然环境,,,,
4192,contrive,9,一般,设计、发明,动作行为,其他动作,,,
4193,credential,9,一般,凭据,教育学习,,,,
4194,diamond,9,一般,钻石,科学技术,,,,
4195,envelope,9,一般,信封,日常生活,,,,
4196,erroneous,9,一般,错误的,抽象概念,性质与评价,,,
4197,knee,9,一般,膝盖,人类与社会,,,,
4198,punch,9,一般,殴打、打洞器、钻孔机,动作行为,身体动作,,,
4199,rectify,9,一般,改正,动作行为,评价与判断,,,
4200,robust,9,一般,强健的、粗野的,抽象概念,性质与评价,a robust system,,
4201,selfish,9,一般,自私的,情感心理,,,,
4202,shrug,9,一般,耸肩,动作行为,心理活动,,,
4203,tick,9,一般,滴答声、蜱虫、一会儿、打勾,动作行为,身体动作,,,
4204,tile,9,一般,瓷砖,日常生活,,,,
4205,umbrella,9,一般,伞,日常生活,,,,
4206,verge,9,一般,边缘,空间地点,,,,
4207,aisle,9,一般,走廊,空间地点,,,,
4208,badge,9,一般,徽章、象征,日常生活,,,,
4209,bean,9,一般,豆,食物营养,,,,
4210,browse,9,一般,浏览,动作行为,身体动作,,,
4211,bump,9,一般,碰撞、肿块,动作行为,身体动作,,,
4212,bundle,9,一般,包、束,日常生活,,,,
4213,carpenter,9,一般,木匠,职业工作,,,,
4214,cloth,9,一般,布,日常生活,,,,
4215,coke,9,一般,焦炭,食物营养,,,,
4216,custody,9,一般,监护、拘留,政治法律,,,,
4217,daylight,9,一般,日光,时间日期,,,,
4218,divine,9,一般,神圣的、绝妙的,文化宗教,,,,
4219,eccentric,9,一般,古怪的,情感心理,,,,
4220,elicit,9,一般,引出,动作行为,社交交互,,,
4221,erode,9,一般,侵蚀,动作行为,变化趋势,,,
4222,eternal,9,一般,永恒的,时间日期,,,,
4223,fog,9,一般,雾,自然环境,,,,
4224,foul,9,一般,犯规、肮脏的,抽象概念,性质与评价,,,
4225,fracture,9,一般,断裂,健康医疗,,,,
4226,graze,9,一般,放牧,动作行为,身体动作,,,
4227,handkerchief,9,一般,手帕,交通旅行,,,,
4228,liver,9,一般,肝脏,人类与社会,,,,
4229,marvelous,9,一般,非凡的,情感心理,,,marvellous,
4230,mentor,9,一般,指导,教育学习,,,,
4231,miracle,9,一般,奇迹,文化宗教,,,,
4232,nominate,9,一般,提名,动作行为,身体动作,,,
4233,notable,9,一般,显赫的,抽象概念,性质与评价,,,
4234,obedience,9,一般,服从,情感心理,,,,
4235,ruler,9,一般,统治者,日常生活,,,,
4236,spear,9,一般,矛,政治法律,,,,
4237,sunshine,9,一般,阳光,自然环境,,,,
4238,surrender,9,一般,投降,动作行为,身体动作,,,
4239,taboo,9,一般,禁忌,文化宗教,,,,
4240,thirst,9,一般,口渴、渴望,情感心理,,,,
4241,vegetation,9,一般,植物,自然环境,,,,
4242,astronomy,8,一般,天文学,科学技术,,,,
4243,chop,8,一般,砍,动作行为,其他动作,,,
4244,doctrine,8,一般,学说、教义,政治法律,,,,
4245,indignation,8,一般,愤怒,情感心理,,,,
4246,prudent,8,一般,谨慎的,抽象概念,性质与评价,,,
4247,disposition,8,一般,倾向、安排、性情,情感心理,,,,
4248,perplex,8,一般,使困惑、使复杂化,动作行为,使动与影响,,,
4249,anchor,8,一般,锚,交通旅行,,,,
4250,damn,8,一般,谴责、该死的,情感心理,,,,
4251,detector,8,一般,探测器,科学技术,,,,
4252,earnest,8,一般,认真,情感心理,,,,
4253,feeble,8,一般,虚弱的,抽象概念,性质与评价,,,
4254,galaxy,8,一般,星系,自然环境,,,,
4255,hello,8,一般,你好,情感心理,,,,
4256,irony,8,一般,反讽,情感心理,,,,
4257,mold,8,一般,模子、模型,科学技术,,,mould,
4258,prosecute,8,一般,起诉,动作行为,其他动作,,,
4259,savage,8,一般,野蛮人、凶猛的,情感心理,,,,
4260,surveillance,8,一般,监视,政治法律,,,,
4261,transient,8,一般,短暂的,抽象概念,性质与评价,a transient phenomenon,,
4262,abrupt,8,一般,突然的、陡峭的,抽象概念,性质与评价,,,
4263,affiliate,8,一般,使附属、附属机构,动作行为,使动与影响,,,
4264,align,8,一般,调整、排列,动作行为,使动与影响,,,
4265,assault,8,一般,攻击,动作行为,身体动作,,,
4266,beginning,8,一般,开始,时间日期,,,,
4267,conjunction,8,一般,结合,教育学习,,,,
4268,consolidate,8,一般,巩固、统一,动作行为,使动与影响,,,
4269,counsel,8,一般,建议,动作行为,社交交互,,,
4270,criticise,8,一般,批评,动作行为,社交交互,,criticize,
4271,genre,8,一般,类型,文化宗教,,,,
4272,hers,8,一般,她的,人类与社会,,,,
4273,overhead,8,一般,在头顶上、在空中,空间地点,,,,
4274,overlap,8,一般,重叠,动作行为,其他动作,,,
4275,regime,8,一般,政权,政治法律,,,,
4276,soup,8,一般,汤,食物营养,,,,
4277,terrific,8,一般,极好的、可怕的,情感心理,,,,
4278,unite,8,一般,联合、结合,动作行为,使动与影响,,,
4279,acclaim,8,一般,称赞、欢呼,情感心理,,,,
4280,ambulance,8,一般,救护车,健康医疗,,,,
4281,auxiliary,8,一般,助动词、辅助的,抽象概念,性质与评价,,,
4282,ballot,8,一般,投票,政治法律,,,,
4283,candy,8,一般,糖果,食物营养,,,,
4284,carbohydrate,8,一般,碳水化合物,食物营养,,,,
4285,cluster,8,一般,群,自然环境,,,,
4286,coalition,8,一般,联合,政治法律,,,,
4287,cop,8,一般,警察,政治法律,,,,
4288,copper,8,一般,铜,科学技术,,,,
4289,couch,8,一般,长沙发、睡椅,日常生活,,,,
4290,dialect,8,一般,方言,文化宗教,,,,
4291,disturbance,8,一般,扰乱,情感心理,,,,
4292,empirical,8,一般,经验主义的,抽象概念,性质与评价,empirical evidence,,
4293,fasten,8,一般,系上,动作行为,使动与影响,,,
4294,glue,8,一般,胶水,日常生活,,,,
4295,groan,8,一般,呻吟,动作行为,身体动作,,,
4296,novelty,8,一般,新奇的经验,情感心理,,,,
4297,pierce,8,一般,穿透,动作行为,身体动作,,,
4298,proficiency,8,一般,熟练,抽象概念,认知与抽象名词,,,
4299,rumor,8,一般,传闻,情感心理,,,rumour,
4300,scare,8,一般,恐吓、惊吓,动作行为,其他动作,,,
4301,sober,8,一般,清醒,情感心理,,,,
4302,stall,8,一般,货摊、失速、拖延,日常生活,,,,
4303,tomb,8,一般,坟墓,空间地点,,,,
4304,tropic,8,一般,热带,自然环境,,,,
4305,underneath,8,一般,在下面,空间地点,,,,
4306,antique,8,一般,古董,日常生活,,,,
4307,articulate,8,一般,善于表达的,动作行为,社交交互,,,
4308,bake,8,一般,烤,食物营养,,,,
4309,blanket,8,一般,毯子,日常生活,,,,
4310,blast,8,一般,爆炸,动作行为,身体动作,,,
4311,bless,8,一般,保佑,文化宗教,,,,
4312,carrot,8,一般,胡萝卜,食物营养,,,,
4313,characterise,8,一般,以…为特征,动作行为,身体动作,,characterize,
4314,clumsy,8,一般,笨拙的,情感心理,,,,
4315,concede,8,一般,承认,动作行为,使动与影响,,,
4316,enclose,8,一般,附上,动作行为,其他动作,,,
4317,envisage,8,一般,想像,动作行为,身体动作,,,
4318,isolate,8,一般,隔离,动作行为,身体动作,,,
4319,oriental,8,一般,东方的,空间地点,,,,
4320,pasture,8,一般,牧场,自然环境,,,,
4321,raid,8,一般,袭击,动作行为,身体动作,,,
4322,refuge,8,一般,避难,自然环境,,,,
4323,resolute,8,一般,坚决的,情感心理,,,,
4324,rug,8,一般,地毯,日常生活,,,,
4325,sarcastic,8,一般,讽刺的,情感心理,,,,
4326,scrap,8,一般,废品、报废,日常生活,,,,
4327,shatter,8,一般,粉碎,动作行为,使动与影响,,,
4328,trumpet,8,一般,喇叭、鼓吹,运动娱乐,,,,
4329,aloud,8,一般,大声地,动作行为,其他动作,,,
4330,ape,8,一般,猿,自然环境,,,,
4331,audio,8,一般,音频,科学技术,,,,
4332,basement,8,一般,地下室,日常生活,,,,
4333,blend,8,一般,混合,动作行为,变化趋势,,,
4334,bound,8,一般,跳跃、界限,动作行为,身体动作,,,
4335,breeze,8,一般,微风、轻松,自然环境,,,,
4336,cushion,8,一般,垫子,日常生活,,,,
4337,dazzle,8,一般,使眼花,动作行为,使动与影响,,,
4338,deplete,8,一般,耗尽,动作行为,变化趋势,,,
4339,dial,8,一般,拨号,科学技术,,,,
4340,discrepancy,8,一般,差异,抽象概念,认知与抽象名词,,,
4341,disgust,8,一般,厌恶,情感心理,,,,
4342,donkey,8,一般,驴,自然环境,,,,
4343,drawer,8,一般,抽屉,日常生活,,,,
4344,drone,8,一般,无人驾驶飞机,科学技术,,,,
4345,eject,8,一般,喷射、驱逐,动作行为,身体动作,,,
4346,endow,8,一般,赋予,动作行为,占有与转移,,,
4347,erosion,8,一般,侵蚀,自然环境,,,,
4348,flush,8,一般,冲洗,动作行为,身体动作,,,
4349,glitter,8,一般,闪烁,动作行为,其他动作,,,
4350,goodbye,8,一般,再见,情感心理,,,,
4351,ignite,8,一般,点燃,动作行为,其他动作,,,
4352,industrialise,8,一般,工业化,动作行为,使动与影响,,industrialize,
4353,jewel,8,一般,珠宝,交通旅行,,,,
4354,kidney,8,一般,肾,人类与社会,,,,
4355,kilometre,8,一般,公里,科学技术,,,kilometer,
4356,lapse,8,一般,失效、流逝,动作行为,身体动作,,,
4357,lease,8,一般,租约,商业经济,,,,
4358,limp,8,一般,跛行、柔软的,动作行为,其他动作,,,
4359,lovely,8,一般,可爱的,情感心理,,,,
4360,nationality,8,一般,民族,人类与社会,,,,
4361,nominal,8,一般,名义上的,抽象概念,性质与评价,,,
4362,notify,8,一般,通知,动作行为,社交交互,,,
4363,oak,8,一般,橡木,自然环境,,,,
4364,pale,8,一般,苍白的、暗淡的,情感心理,,,,
4365,paperback,8,一般,平装书,教育学习,,,,
4366,pavement,8,一般,路面,空间地点,,,,
4367,pint,8,一般,品脱,科学技术,,,,
4368,pope,8,一般,罗马教皇,文化宗教,,,,
4369,rehearse,8,一般,排演、预演,动作行为,社交交互,,,
4370,repay,8,一般,偿还,动作行为,占有与转移,,,
4371,sack,8,一般,解雇,日常生活,,,,
4372,skeleton,8,一般,骨架,人类与社会,,,,
4373,spectacular,8,一般,壮观,情感心理,,,,
4374,statue,8,一般,雕塑,文化宗教,,,,
4375,stereo,8,一般,立体声,科学技术,,,,
4376,strand,8,一般,缕,日常生活,,,,
4377,tangle,8,一般,纠纷、纠缠,动作行为,身体动作,,,
4378,temple,8,一般,庙宇,文化宗教,,,,
4379,transcend,8,一般,超越,动作行为,变化趋势,,,
4380,utilise,8,一般,利用,动作行为,占有与转移,,utilize,
4381,vegetarian,8,一般,素食者,食物营养,,,,
4382,weekday,8,一般,工作日,时间日期,,,,
4383,furnace,7,一般,炉子,日常生活,,,,
4384,textile,7,一般,纺织品,科学技术,,,,
4385,canteen,7,一般,食堂,日常生活,,,,
4386,condense,7,一般,凝结、浓缩,动作行为,身体动作,,,
4387,denote,7,一般,表示,动作行为,评价与判断,,,
4388,differentiate,7,一般,区分,动作行为,使动与影响,,,
4389,grin,7,一般,咧嘴笑,动作行为,身体动作,,,
4390,harbor,7,一般,港口,自然环境,,,harbour,
4391,haste,7,一般,匆忙,时间日期,,,,
4392,posture,7,一般,姿势,人类与社会,,,,
4393,radar,7,一般,雷达,科学技术,,,,
4394,nickname,7,一般,昵称,人类与社会,,,,
4395,preside,7,一般,主持,动作行为,其他动作,,,
4396,rip,7,一般,撕裂、裂缝,动作行为,身体动作,,,
4397,toast,7,一般,烤、烤面包,食物营养,,,,
4398,vacuum,7,一般,真空,日常生活,,,,
4399,balloon,7,一般,气球,交通旅行,,,,
4400,brochure,7,一般,手册,教育学习,,,,
4401,directory,7,一般,目录,教育学习,,,,
4402,doll,7,一般,玩具娃娃,运动娱乐,,,,
4403,doze,7,一般,瞌睡,动作行为,身体动作,,,
4404,flap,7,一般,拍打,动作行为,身体动作,,,
4405,flesh,7,一般,肉,人类与社会,,,,
4406,fork,7,一般,叉,日常生活,,,,
4407,glare,7,一般,瞪着、怒视,动作行为,其他动作,,,
4408,hasty,7,一般,匆忙的、轻率的,情感心理,,,,
4409,impetus,7,一般,推动力,动作行为,身体动作,,,
4410,lucrative,7,一般,获利的,商业经济,,,,
4411,obedient,7,一般,顺从的,情感心理,,,,
4412,ozone,7,一般,臭氧,自然环境,,,,
4413,poke,7,一般,戳、刺,动作行为,身体动作,,,
4414,radiate,7,一般,辐射、放射,动作行为,变化趋势,,,
4415,rein,7,一般,控制,日常生活,,,,
4416,rot,7,一般,腐烂,动作行为,使动与影响,,,
4417,sigh,7,一般,叹息,动作行为,身体动作,,,
4418,singular,7,一般,非凡的、单数的,教育学习,,,,
4419,smog,7,一般,烟雾,自然环境,,,,
4420,snatch,7,一般,抢夺、抓住,动作行为,其他动作,,,
4421,startle,7,一般,吃惊,动作行为,身体动作,,,
4422,upstairs,7,一般,楼上,空间地点,,,,
4423,aftermath,7,一般,后果,抽象概念,认知与抽象名词,,,
4424,applaud,7,一般,鼓掌,动作行为,社交交互,,,
4425,appraisal,7,一般,评估,商业经济,,,,
4426,assurance,7,一般,自信、保险,情感心理,,,,
4427,barber,7,一般,理发师,职业工作,,,,
4428,bin,7,一般,垃圾箱,日常生活,,,,
4429,bride,7,一般,新娘,人类与社会,,,,
4430,bullet,7,一般,子弹,政治法律,,,,
4431,captain,7,一般,船长,职业工作,,,,
4432,despise,7,一般,轻视,情感心理,,,despize,
4433,exclaim,7,一般,呼喊,动作行为,社交交互,,,
4434,feat,7,一般,功绩、技艺,抽象概念,认知与抽象名词,,,
4435,fireman,7,一般,消防队员,职业工作,,,,
4436,instantaneous,7,一般,瞬间的,时间日期,,,,
4437,intact,7,一般,原封不动的,抽象概念,性质与评价,remain intact,,
4438,intrude,7,一般,打扰、侵入,动作行为,心理活动,,,
4439,metaphor,7,一般,隐喻,文化宗教,,,,
4440,moan,7,一般,呻吟、抱怨,动作行为,身体动作,,,
4441,muscular,7,一般,肌肉的,人类与社会,,,,
4442,nuisance,7,一般,麻烦,情感心理,,,,
4443,relativity,7,一般,相对论,科学技术,,,,
4444,removal,7,一般,除去、搬迁,动作行为,其他动作,,,
4445,rifle,7,一般,步枪,政治法律,,,,
4446,sincere,7,一般,真诚的,情感心理,,,,
4447,undo,7,一般,取消,动作行为,其他动作,,,
4448,alienate,7,一般,疏远,动作行为,社交交互,,,
4449,ascend,7,一般,上升,动作行为,变化趋势,,,
4450,ascertain,7,一般,确定,动作行为,评价与判断,,,
4451,astonish,7,一般,使吃惊,情感心理,,,,
4452,banner,7,一般,旗帜,日常生活,,,,
4453,baseball,7,一般,棒球,运动娱乐,,,,
4454,bolt,7,一般,螺栓,日常生活,,,,
4455,bowl,7,一般,碗,日常生活,,,,
4456,congratulation,7,一般,祝贺,情感心理,,,,
4457,consecutive,7,一般,连续的,抽象概念,性质与评价,,,
4458,console,7,一般,安慰、控制台,科学技术,,,,
4459,crush,7,一般,压碎,动作行为,身体动作,,,
4460,deaf,7,一般,聋的,健康医疗,,,,
4461,dinosaur,7,一般,恐龙,自然环境,,,,
4462,dread,7,一般,恐惧,情感心理,,,,
4463,drum,7,一般,鼓,运动娱乐,,,,
4464,emperor,7,一般,皇帝,政治法律,,,,
4465,execute,7,一般,执行,动作行为,使动与影响,,,
4466,famine,7,一般,饥荒,自然环境,,,,
4467,fence,7,一般,栅栏,日常生活,,,,
4468,flame,7,一般,火焰,自然环境,,,,
4469,fore,7,一般,船头,空间地点,,,,
4470,hammer,7,一般,锤,动作行为,身体动作,,,
4471,homogeneous,7,一般,同类的,抽象概念,性质与评价,,,
4472,intrigue,7,一般,阴谋,动作行为,使动与影响,,,
4473,lap,7,一般,重叠部分、轻拍、舐,人类与社会,,,,
4474,litre,7,一般,公升,科学技术,,,liter,
4475,lofty,7,一般,高的、崇高的,抽象概念,性质与评价,,,
4476,magnet,7,一般,磁铁,科学技术,,,,
4477,memorandum,7,一般,备忘录,职业工作,,,,
4478,mingle,7,一般,交往、混合,动作行为,使动与影响,,,
4479,miniature,7,一般,小型的、小规模的,抽象概念,性质与评价,,,
4480,niece,7,一般,侄女,人类与社会,,,,
4481,nourish,7,一般,滋养,动作行为,身体动作,,norish,
4482,outfit,7,一般,机构、配备,日常生活,,,,
4483,panda,7,一般,熊猫,自然环境,,,,
4484,penetrate,7,一般,穿透,动作行为,身体动作,,,
4485,pine,7,一般,松树,自然环境,,,,
4486,postcard,7,一般,明信片,日常生活,,,,
4487,quiz,7,一般,小测验,教育学习,,,,
4488,rag,7,一般,破布,日常生活,,,,
4489,rebellion,7,一般,叛乱,政治法律,,,,
4490,refund,7,一般,退款,商业经济,,,,
4491,resilient,7,一般,有弹力的,抽象概念,性质与评价,a resilient economy,,
4492,roar,7,一般,咆哮、轰鸣,动作行为,其他动作,,,
4493,segregate,7,一般,隔离,动作行为,变化趋势,,,
4494,sensation,7,一般,感觉,抽象概念,认知与抽象名词,,senzation,
4495,sleeve,7,一般,袖子,交通旅行,,,,
4496,slender,7,一般,细长的、苗条的,人类与社会,,,,
4497,slippery,7,一般,滑的,抽象概念,性质与评价,,,
4498,sock,7,一般,袜子,交通旅行,,,,
4499,sofa,7,一般,沙发,日常生活,,,,
4500,southwest,7,一般,西南,空间地点,,,,
4501,swear,7,一般,赌咒、发誓,动作行为,社交交互,,,
4502,swift,7,一般,迅速的、雨燕,抽象概念,性质与评价,,,
4503,thirsty,7,一般,口渴的,情感心理,,,,
4504,censorship,6,一般,检查制度,政治法律,,,,
4505,slot,6,一般,槽,日常生活,,,,
4506,affirm,6,一般,肯定,动作行为,评价与判断,,,
4507,assimilate,6,一般,吸收,动作行为,身体动作,,,
4508,frown,6,一般,皱眉,动作行为,身体动作,,,
4509,lateral,6,一般,侧面、侧面的,空间地点,,,,
4510,preface,6,一般,前言,教育学习,,,,
4511,query,6,一般,疑问、质问,动作行为,社交交互,,,
4512,splash,6,一般,报道、溅泼的量,动作行为,其他动作,,,
4513,stride,6,一般,跨、步伐,动作行为,身体动作,,,
4514,torch,6,一般,火炬,日常生活,,,,
4515,butcher,6,一般,屠夫,职业工作,,,,
4516,compress,6,一般,压缩,动作行为,身体动作,,,
4517,diffuse,6,一般,弥漫,动作行为,变化趋势,,,
4518,discern,6,一般,辨别,动作行为,评价与判断,discern a pattern,,
4519,goodness,6,一般,善良,情感心理,,,,
4520,grieve,6,一般,悲伤,动作行为,使动与影响,,,
4521,mute,6,一般,沉默的、哑的,情感心理,,,,
4522,roast,6,一般,烤,食物营养,,,,
4523,slum,6,一般,贫民窟,日常生活,,,,
4524,steward,6,一般,管家、管理,职业工作,,,,
4525,straw,6,一般,稻草,自然环境,,,,
4526,viable,6,一般,可行的,抽象概念,性质与评价,,,
4527,afterward,6,一般,后来,时间日期,,,,
4528,angel,6,一般,天使,文化宗教,,,,
4529,blunder,6,一般,大错,动作行为,身体动作,,,
4530,booth,6,一般,电话亭,日常生活,,,,
4531,cigar,6,一般,雪茄烟,食物营养,,,,
4532,commend,6,一般,推荐,动作行为,身体动作,,,
4533,commonwealth,6,一般,联邦,政治法律,,,,
4534,congratulate,6,一般,庆祝、祝贺,动作行为,社交交互,,,
4535,cricket,6,一般,板球、蟋蟀,运动娱乐,,,,
4536,diversion,6,一般,转移,运动娱乐,,,,
4537,ecology,6,一般,生态,自然环境,,,,
4538,elbow,6,一般,手肘,人类与社会,,,,
4539,equity,6,一般,公平、权益,抽象概念,性质与评价,,,
4540,guild,6,一般,协会,职业工作,,,,
4541,instrumental,6,一般,仪器的、有帮助的,抽象概念,性质与评价,,,
4542,keyboard,6,一般,键盘,科学技术,,,,
4543,latitude,6,一般,纬度,自然环境,,,,
4544,liquor,6,一般,酒,食物营养,,,,
4545,manuscript,6,一般,手稿,教育学习,,,,
4546,plough,6,一般,犁,动作行为,身体动作,,plow,
4547,suite,6,一般,套房,日常生活,,,,
4548,superb,6,一般,极好的,情感心理,,,,
4549,torture,6,一般,拷问,动作行为,身体动作,,,
4550,workout,6,一般,锻炼,运动娱乐,,,,
4551,advent,6,一般,出现,时间日期,,,,
4552,audit,6,一般,审计,商业经济,,,,
4553,blaze,6,一般,火焰、燃烧,动作行为,其他动作,,,
4554,brutal,6,一般,野蛮的,情感心理,,,,
4555,bug,6,一般,臭虫、窃听器,自然环境,,,,
4556,bull,6,一般,公牛,自然环境,,,,
4557,conspiracy,6,一般,阴谋,政治法律,,,,
4558,endorse,6,一般,支持,动作行为,身体动作,,,
4559,expend,6,一般,花费,动作行为,占有与转移,,,
4560,flour,6,一般,面粉,食物营养,,,flor,
4561,forthcoming,6,一般,即将到来的,抽象概念,性质与评价,,,
4562,handy,6,一般,方便的,抽象概念,性质与评价,,,
4563,inventory,6,一般,详细目录、清点,商业经济,,,,
4564,motel,6,一般,汽车旅馆,交通旅行,,,,
4565,naval,6,一般,海军的,政治法律,,,,
4566,notebook,6,一般,笔记本,教育学习,,,,
4567,palm,6,一般,棕榈,人类与社会,,,,
4568,relay,6,一般,继电器、接力,动作行为,其他动作,,,
4569,sandwich,6,一般,三明治,食物营养,,,,
4570,scent,6,一般,气味,自然环境,,,,
4571,shrewd,6,一般,精明的,情感心理,,,,
4572,specialise,6,一般,专门研究、特定范围,动作行为,其他动作,,specialize,
4573,stance,6,一般,立场,抽象概念,认知与抽象名词,,,
4574,veto,6,一般,否决,政治法律,,,,
4575,waist,6,一般,腰,人类与社会,,,,
4576,widow,6,一般,寡妇,人类与社会,,,,
4577,ambassador,6,一般,大使,职业工作,,,,
4578,avert,6,一般,避免,动作行为,心理活动,,,
4579,bathe,6,一般,沐浴,日常生活,,,,
4580,beloved,6,一般,心爱的,情感心理,,,,
4581,biscuit,6,一般,饼干,食物营养,,,,
4582,briefcase,6,一般,公文包,日常生活,,,,
4583,burglar,6,一般,窃贼,政治法律,,,,
4584,champagne,6,一般,香槟酒,食物营养,,,,
4585,conquest,6,一般,征服,动作行为,其他动作,,,
4586,convene,6,一般,召集,动作行为,社交交互,,,
4587,conversion,6,一般,转变,抽象概念,认知与抽象名词,,,
4588,coward,6,一般,懦夫,情感心理,,,,
4589,dizzy,6,一般,晕眩的、困惑,情感心理,,,,
4590,exile,6,一般,流放,政治法律,,,,
4591,futile,6,一般,无用的,抽象概念,性质与评价,,,
4592,gracious,6,一般,亲切的、仁慈的,情感心理,,,,
4593,hatch,6,一般,孵化,动作行为,其他动作,,,
4594,heap,6,一般,堆,动作行为,其他动作,,,
4595,heave,6,一般,起伏、举、扔,动作行为,身体动作,,,
4596,hike,6,一般,远足,动作行为,身体动作,,,
4597,hollow,6,一般,空的、洞,抽象概念,性质与评价,,,
4598,huddle,6,一般,拥挤、混乱,动作行为,身体动作,,,
4599,inland,6,一般,内陆,空间地点,,,,
4600,insulate,6,一般,隔离,动作行为,身体动作,,,
4601,intermediate,6,一般,中间体、中等的,抽象概念,性质与评价,,,
4602,invaluable,6,一般,无价的,抽象概念,性质与评价,,,
4603,jargon,6,一般,行话,文化宗教,,,,
4604,jungle,6,一般,丛林,自然环境,,,,
4605,layman,6,一般,门外汉,人类与社会,,,,
4606,locality,6,一般,地区,空间地点,,,,
4607,noon,6,一般,中午,时间日期,,,,
4608,odor,6,一般,气味,自然环境,,,odour,
4609,okay,6,一般,可以、好的,抽象概念,性质与评价,,,
4610,optical,6,一般,光学的,科学技术,,,,
4611,optimum,6,一般,最佳的,抽象概念,性质与评价,,,
4612,pact,6,一般,协定,政治法律,,,,
4613,persevere,6,一般,坚持,动作行为,起始与终止,,,
4614,pharmacy,6,一般,药房,健康医疗,,,,
4615,powder,6,一般,粉,科学技术,,,,
4616,predominant,6,一般,主要的,抽象概念,性质与评价,the predominant view,,
4617,presume,6,一般,假定、推测,动作行为,心理活动,,,
4618,protocol,6,一般,协议,科学技术,,,,
4619,purple,6,一般,紫色,交通旅行,,,,
4620,rape,6,一般,强奸,政治法律,,,,
4621,reclaim,6,一般,回收、利用,动作行为,占有与转移,,,
4622,repression,6,一般,镇压,政治法律,,,,
4623,ridge,6,一般,脊,自然环境,,,,
4624,rust,6,一般,生锈,科学技术,,,,
4625,sauce,6,一般,酱汁,食物营养,,,,
4626,sibling,6,一般,兄弟姐妹,人类与社会,,,,
4627,slap,6,一般,掴、侮辱,动作行为,身体动作,,,
4628,stale,6,一般,陈腐的、不新鲜的,抽象概念,性质与评价,,,
4629,strap,6,一般,皮带,日常生活,,,,
4630,submerge,6,一般,潜入水中、浸没,动作行为,身体动作,,,
4631,supper,6,一般,晚餐,食物营养,,,,
4632,tilt,6,一般,倾斜,动作行为,身体动作,,,
4633,trademark,6,一般,商标,商业经济,,,,
4634,trim,6,一般,修剪、装饰,动作行为,身体动作,,,
4635,typist,6,一般,打字员,职业工作,,,,
4636,venue,6,一般,审判地、犯罪地点,空间地点,,,,
4637,versatile,6,一般,多才多艺的、通用的,情感心理,,a versatile tool,,
4638,yearly,6,一般,每年的,时间日期,,,,
4639,necklace,5,一般,项链,交通旅行,,,,
4640,thrift,5,一般,节俭,商业经济,,,,
4641,weary,5,一般,疲倦,情感心理,,,,
4642,aeroplane,5,一般,飞机,交通旅行,,,airplane,
4643,cement,5,一般,水泥,科学技术,,,,
4644,inspect,5,一般,检查,动作行为,身体动作,,,
4645,roundabout,5,一般,迂回的,空间地点,,,,
4646,abide,5,一般,遵守,动作行为,使动与影响,,,
4647,ashore,5,一般,上岸,空间地点,,,,
4648,chimney,5,一般,烟囱,日常生活,,,,
4649,claw,5,一般,爪,自然环境,,,,
4650,correspondent,5,一般,通讯记者,职业工作,,,,
4651,crab,5,一般,蟹,自然环境,,,,
4652,ditch,5,一般,沟渠、抛弃,自然环境,,,,
4653,indignant,5,一般,愤慨的,情感心理,,,,
4654,innumerable,5,一般,无数的,抽象概念,数量与程度,,,
4655,irrespective,5,一般,不考虑的,抽象概念,逻辑与关系,,,
4656,irrigate,5,一般,灌溉,动作行为,其他动作,,,
4657,magnitude,5,一般,大小,抽象概念,数量与程度,,,
4658,maid,5,一般,侍女,人类与社会,,,,
4659,memorial,5,一般,纪念碑,文化宗教,,,,
4660,mercury,5,一般,水银,科学技术,,,,
4661,misunderstand,5,一般,误解,动作行为,其他动作,,,
4662,nucleus,5,一般,核,科学技术,,,,
4663,pinch,5,一般,捏、一撮,动作行为,身体动作,,,
4664,plea,5,一般,恳求、抗辩、借口,情感心理,,,,
4665,puppet,5,一般,木偶,运动娱乐,,,,
4666,republic,5,一般,共和国,政治法律,,,,
4667,reservoir,5,一般,水库,自然环境,,,,
4668,screw,5,一般,螺丝、螺钉,日常生活,,,,
4669,stern,5,一般,船尾、严厉的,情感心理,,,,
4670,stiff,5,一般,硬的,抽象概念,性质与评价,,,
4671,swamp,5,一般,沼泽,自然环境,,,,
4672,tease,5,一般,取笑,动作行为,身体动作,,,
4673,tray,5,一般,盘,日常生活,,,,
4674,tug,5,一般,拖船、拖,动作行为,身体动作,,,
4675,ventilate,5,一般,通风,动作行为,使动与影响,,,
4676,vocation,5,一般,职业,职业工作,,,,
4677,zeal,5,一般,热情,情感心理,,,,
4678,analytic,5,一般,分析的,抽象概念,性质与评价,,,
4679,apt,5,一般,恰当的,抽象概念,性质与评价,,,
4680,benign,5,一般,良性的,健康医疗,,,,
4681,canoe,5,一般,独木舟,运动娱乐,,,,
4682,cassette,5,一般,盒式磁带,科学技术,,,,
4683,circular,5,一般,圆形的,空间地点,,,,
4684,crisp,5,一般,脆的,食物营养,,,,
4685,crust,5,一般,外壳,自然环境,,,,
4686,curl,5,一般,卷曲,动作行为,身体动作,,,
4687,curtain,5,一般,窗帘,日常生活,,,,
4688,deter,5,一般,阻止,动作行为,使动与影响,,,
4689,diagram,5,一般,图表,科学技术,,,,
4690,epic,5,一般,史诗,文化宗教,,,,
4691,eradicate,5,一般,根除,动作行为,变化趋势,,,
4692,fabulous,5,一般,极好的,抽象概念,性质与评价,,,
4693,fascinate,5,一般,吸引住,动作行为,身体动作,,,
4694,fibre,5,一般,纤维,科学技术,,,fiber,
4695,formidable,5,一般,强大的,抽象概念,性质与评价,,,
4696,hearing,5,一般,听力、听觉,健康医疗,,,,
4697,heroic,5,一般,英勇的,情感心理,,,,
4698,inn,5,一般,客栈,日常生活,,,,
4699,kin,5,一般,亲属,人类与社会,,,,
4700,murmur,5,一般,低语,动作行为,身体动作,,,
4701,outrage,5,一般,愤怒,情感心理,,,,
4702,pray,5,一般,祈祷,动作行为,占有与转移,,,
4703,propaganda,5,一般,宣传,政治法律,,,,
4704,rouse,5,一般,唤醒、激起,动作行为,身体动作,,,
4705,satire,5,一般,讽刺,文化宗教,,,,
4706,sneak,5,一般,溜,动作行为,身体动作,,,
4707,stalk,5,一般,茎,自然环境,,,,
4708,symphony,5,一般,交响乐,运动娱乐,,,,
4709,tuck,5,一般,卷起、藏起,动作行为,身体动作,,,
4710,whatsoever,5,一般,无论什么,抽象概念,逻辑与关系,,,
4711,whip,5,一般,鞭子,动作行为,身体动作,,,
4712,wrist,5,一般,手腕,人类与社会,,,,
4713,applause,5,一般,鼓掌,文化宗教,,,,
4714,ash,5,一般,灰,自然环境,,,,
4715,bail,5,一般,保释,政治法律,,,,
4716,bench,5,一般,长凳,日常生活,,,,
4717,better,5,一般,更好的,抽象概念,性质与评价,,,
4718,bolster,5,一般,支持,动作行为,使动与影响,,,
4719,bounce,5,一般,反弹,动作行为,身体动作,,,
4720,complicate,5,一般,复杂的,动作行为,心理活动,,,
4721,conscientious,5,一般,认真的、负责的,情感心理,,,,
4722,coronavirus,5,一般,冠状病毒,健康医疗,,,,
4723,crane,5,一般,起重机,自然环境,,,,
4724,crystal,5,一般,水晶,科学技术,,,,
4725,culminate,5,一般,达到高潮、结束,动作行为,起始与终止,,,
4726,cupboard,5,一般,碗橱,日常生活,,,,
4727,dismay,5,一般,沮丧,情感心理,,,,
4728,evacuate,5,一般,疏散,动作行为,其他动作,,,
4729,feather,5,一般,羽毛,自然环境,,,,
4730,fertiliser,5,一般,化肥,自然环境,,,fertilizer,
4731,feudal,5,一般,封建的,政治法律,,,,
4732,fireplace,5,一般,壁炉,日常生活,,,,
4733,fountain,5,一般,喷泉,自然环境,,,,
4734,frog,5,一般,蛙,自然环境,,,,
4735,germ,5,一般,细菌、胚芽,健康医疗,,,,
4736,glide,5,一般,滑翔,动作行为,其他动作,,,
4737,heir,5,一般,继承人,人类与社会,,,,
4738,imminent,5,一般,逼近的,抽象概念,性质与评价,,,
4739,inhibit,5,一般,抑制,动作行为,使动与影响,,,
4740,inward,5,一般,内部的、向内、内部,空间地点,,,,
4741,jazz,5,一般,爵士乐,运动娱乐,,,,
4742,junction,5,一般,连接,空间地点,,,,
4743,kidnap,5,一般,绑架,动作行为,其他动作,,,
4744,loop,5,一般,环,日常生活,,,,
4745,missionary,5,一般,传教士,文化宗教,,,,
4746,moist,5,一般,潮湿的,自然环境,,,,
4747,naked,5,一般,裸体的,人类与社会,,,,
4748,overcoat,5,一般,大衣,交通旅行,,,,
4749,overflow,5,一般,溢出,动作行为,身体动作,,,
4750,pardon,5,一般,原谅,情感心理,,,,
4751,pity,5,一般,同情,情感心理,,,,
4752,plagiarism,5,一般,剽窃,教育学习,,,,
4753,plight,5,一般,困境,抽象概念,认知与抽象名词,,,
4754,portfolio,5,一般,投资组合、作品集、文件夹,商业经济,,,,
4755,postman,5,一般,邮递员,职业工作,,,,
4756,prototype,5,一般,原型,抽象概念,认知与抽象名词,,,
4757,punctual,5,一般,准时的,时间日期,,,,
4758,redundant,5,一般,解雇的,抽象概念,性质与评价,,,
4759,rotten,5,一般,腐烂的,抽象概念,性质与评价,,,
4760,scarf,5,一般,围巾,交通旅行,,,,
4761,shabby,5,一般,破旧的,情感心理,,,,
4762,shave,5,一般,刮、剃,动作行为,身体动作,,,
4763,shipment,5,一般,装运、货物,商业经济,,,,
4764,sore,5,一般,痛处、疼痛的,健康医疗,,,,
4765,spit,5,一般,吐出、吐口水,动作行为,身体动作,,,
4766,steak,5,一般,牛排,食物营养,,,,
4767,storey,5,一般,楼层,日常生活,,,story,
4768,sturdy,5,一般,坚固的,情感心理,,,,
4769,toe,5,一般,脚趾,人类与社会,,,,
4770,tumor,5,一般,肿块,健康医疗,,,tumour,
4771,turmoil,5,一般,混乱,抽象概念,性质与评价,,,
4772,wary,5,一般,机警的,情感心理,,,,
4773,whistle,5,一般,口哨、汽笛,动作行为,身体动作,,,
4774,wolf,5,一般,狼,自然环境,,,,
4775,geometry,4,一般,几何,科学技术,,,,
4776,menace,4,一般,威胁,动作行为,社交交互,,,
4777,radius,4,一般,半径,科学技术,,,,
4778,semiconductor,4,一般,半导体,科学技术,,,,
4779,statute,4,一般,法规,政治法律,,,,
4780,barn,4,一般,谷仓,自然环境,,,,
4781,jurisdiction,4,一般,管辖权,政治法律,,,,
4782,nitrogen,4,一般,氮,科学技术,,,,
4783,scorn,4,一般,轻蔑、鄙视,情感心理,,,,
4784,shove,4,一般,推,动作行为,身体动作,,,
4785,tram,4,一般,有轨电车,交通旅行,,,,
4786,abound,4,一般,充满,自然环境,,,,
4787,cape,4,一般,披肩、海角,自然环境,,,,
4788,cherry,4,一般,樱桃,食物营养,,,,
4789,dock,4,一般,码头,交通旅行,,,,
4790,eminent,4,一般,著名的,抽象概念,性质与评价,,,
4791,ending,4,一般,结局,时间日期,,,,
4792,epoch,4,一般,时代,时间日期,,,,
4793,hen,4,一般,母鸡,自然环境,,,,
4794,intermittent,4,一般,断断续续的,时间日期,,,,
4795,jaw,4,一般,下巴,人类与社会,,,,
4796,pepper,4,一般,辣椒,食物营养,,,,
4797,purify,4,一般,涤罪,动作行为,身体动作,,,
4798,rhetoric,4,一般,修辞,文化宗教,,,,
4799,rope,4,一般,绳索,日常生活,,,,
4800,sideways,4,一般,侧身地、斜向一边的,空间地点,,,,
4801,swarm,4,一般,群,自然环境,,,,
4802,symposium,4,一般,讨论会,文化宗教,,,,
4803,thermometer,4,一般,温度计,科学技术,,,,
4804,withhold,4,一般,保留、扣留,动作行为,使动与影响,,,
4805,arrow,4,一般,箭,科学技术,,,,
4806,baggage,4,一般,行李,交通旅行,,,,
4807,blunt,4,一般,钝的、直率的,抽象概念,性质与评价,,,
4808,bruise,4,一般,擦伤、挫伤,健康医疗,,,bruize,
4809,buzz,4,一般,嗡嗡声、电话,动作行为,其他动作,,,
4810,cab,4,一般,驾驶室,交通旅行,,,,
4811,calcium,4,一般,钙,健康医疗,,,,
4812,compass,4,一般,指南针,科学技术,,,,
4813,downstairs,4,一般,楼下,空间地点,,,,
4814,dye,4,一般,染色、染料,动作行为,其他动作,,,
4815,fuse,4,一般,保险丝、融合,科学技术,,,fuze,
4816,hostage,4,一般,人质,人类与社会,,,,
4817,jog,4,一般,慢跑,运动娱乐,,,,
4818,knife,4,一般,刀,日常生活,,,,
4819,loaf,4,一般,块,食物营养,,,,
4820,lunar,4,一般,月亮的,自然环境,,,,
4821,meadow,4,一般,草地,自然环境,,,,
4822,packet,4,一般,数据包,日常生活,,,,
4823,plumber,4,一般,管道工,职业工作,,,,
4824,psychiatry,4,一般,精神病学,健康医疗,,,,
4825,racket,4,一般,球拍,运动娱乐,,,,
4826,recite,4,一般,背诵,动作行为,身体动作,,,
4827,retention,4,一般,保存、记忆力,抽象概念,认知与抽象名词,,,
4828,shorthand,4,一般,速记,教育学习,,,,
4829,sip,4,一般,抿一口,动作行为,身体动作,,,
4830,stubborn,4,一般,固执的,抽象概念,性质与评价,,,
4831,trolley,4,一般,手推车,交通旅行,,,,
4832,amend,4,一般,修正,动作行为,变化趋势,,,
4833,ankle,4,一般,踝,人类与社会,,,,
4834,barren,4,一般,贫瘠的,自然环境,,,,
4835,basin,4,一般,盆地,日常生活,,,,
4836,bat,4,一般,蝙蝠,运动娱乐,,,,
4837,beast,4,一般,兽,自然环境,,,,
4838,brass,4,一般,黄铜的,科学技术,,,,
4839,breach,4,一般,违反,政治法律,,,,
4840,broom,4,一般,扫帚,日常生活,,,,
4841,canvas,4,一般,帆布,日常生活,,,,
4842,cashier,4,一般,出纳员,职业工作,,,,
4843,chin,4,一般,下巴,人类与社会,,,,
4844,chorus,4,一般,合唱,运动娱乐,,,,
4845,civilisation,4,一般,文明,文化宗教,,,civilization,
4846,clay,4,一般,黏土,自然环境,,,,
4847,compartment,4,一般,间隔、划分,日常生活,,,,
4848,compassion,4,一般,同情,情感心理,,,,
4849,deer,4,一般,鹿,自然环境,,,,
4850,detain,4,一般,扣留,动作行为,身体动作,,,
4851,deviate,4,一般,偏离,动作行为,身体动作,,,
4852,diameter,4,一般,直径,科学技术,,,,
4853,discretion,4,一般,谨慎,抽象概念,性质与评价,,,
4854,ego,4,一般,自我,情感心理,,,,
4855,eloquent,4,一般,雄辩的,情感心理,,,,
4856,enclosure,4,一般,围墙、附件,空间地点,,,,
4857,farewell,4,一般,告别,情感心理,,,,
4858,fling,4,一般,投掷,动作行为,身体动作,,,
4859,fluent,4,一般,流利的,抽象概念,性质与评价,,,
4860,friction,4,一般,摩擦,科学技术,,,,
4861,frost,4,一般,霜,自然环境,,,,
4862,glacier,4,一般,冰川,自然环境,,,,
4863,glorious,4,一般,辉煌的,情感心理,,,,
4864,grim,4,一般,可怕的、冷酷的,情感心理,,,,
4865,grocer,4,一般,杂货店,职业工作,,,,
4866,grope,4,一般,探索,动作行为,身体动作,,,
4867,hinge,4,一般,铰链,动作行为,其他动作,,,
4868,honorable,4,一般,光荣的、可敬的,情感心理,,,honourable,
4869,horizontal,4,一般,水平的、水平线,抽象概念,性质与评价,,,
4870,horn,4,一般,喇叭,自然环境,,,,
4871,humid,4,一般,潮湿的,自然环境,,,,
4872,kneel,4,一般,跪,动作行为,身体动作,,,
4873,latent,4,一般,潜在的,抽象概念,性质与评价,,,
4874,leaflet,4,一般,传单,教育学习,,,,
4875,linear,4,一般,线性的,抽象概念,性质与评价,,,
4876,millionaire,4,一般,百万富翁,商业经济,,,,
4877,minus,4,一般,减去,抽象概念,性质与评价,,,
4878,nickel,4,一般,镍,科学技术,,,,
4879,noun,4,一般,名词,教育学习,,,,
4880,orthodox,4,一般,正统的,文化宗教,,,,
4881,pad,4,一般,发射台、衬垫,日常生活,,,,
4882,parameter,4,一般,参数,科学技术,,,,
4883,patron,4,一般,守护神,人类与社会,,,,
4884,petty,4,一般,小的、琐碎的,抽象概念,性质与评价,,,
4885,pickup,4,一般,加速、小型卡车、拾音器、获得,交通旅行,,,,
4886,pillar,4,一般,支柱,空间地点,,,,
4887,plural,4,一般,复数,教育学习,,,,
4888,porch,4,一般,门廊,空间地点,,,,
4889,preclude,4,一般,阻止,动作行为,社交交互,,,
4890,pretext,4,一般,借口,抽象概念,认知与抽象名词,,,
4891,rabbit,4,一般,兔子,自然环境,,,,
4892,rack,4,一般,行李架,日常生活,,,,
4893,rash,4,一般,疹子、轻率的,健康医疗,,,,
4894,remnant,4,一般,残余,抽象概念,认知与抽象名词,,,
4895,reproach,4,一般,责备,动作行为,社交交互,,,
4896,restless,4,一般,不安宁的,情感心理,,,,
4897,revolt,4,一般,反抗,动作行为,社交交互,,,
4898,ripe,4,一般,熟的,抽象概念,性质与评价,,,
4899,robe,4,一般,长袍,交通旅行,,,,
4900,sailor,4,一般,水手,职业工作,,,,
4901,saint,4,一般,圣人,文化宗教,,,,
4902,sceptical,4,一般,怀疑的,情感心理,,,skeptical,
4903,seventeen,4,一般,十七,时间日期,,,,
4904,shiver,4,一般,发抖、哆嗦,动作行为,身体动作,,,
4905,smuggle,4,一般,走私,动作行为,身体动作,,,
4906,sneeze,4,一般,喷嚏,动作行为,身体动作,,,
4907,sour,4,一般,酸的,食物营养,,,,
4908,specimen,4,一般,标本,教育学习,,,,
4909,spoon,4,一般,勺子,日常生活,,,,
4910,stagnant,4,一般,停滞的,抽象概念,性质与评价,,,
4911,stitch,4,一般,针脚、缝补,动作行为,身体动作,,,
4912,stoop,4,一般,弯腰,动作行为,身体动作,,,
4913,submarine,4,一般,潜水艇,交通旅行,,,,
4914,subtract,4,一般,减去,动作行为,其他动作,,,
4915,suffice,4,一般,足够,动作行为,变化趋势,,,
4916,thrust,4,一般,推力,动作行为,身体动作,,,
4917,torment,4,一般,折磨,动作行为,身体动作,,,
4918,torrent,4,一般,激流,自然环境,,,,
4919,trunk,4,一般,树干,人类与社会,,,,
4920,vicinity,4,一般,邻近,空间地点,,,,
4921,violet,4,一般,紫色、紫罗兰,交通旅行,,,,
4922,wagon,4,一般,货车,交通旅行,,,,
4923,yawn,4,一般,呵欠,动作行为,身体动作,,,
4924,fume,3,一般,烟,自然环境,,,,
4925,parachute,3,一般,降落伞,交通旅行,,,,
4926,superfluous,3,一般,多余的,抽象概念,性质与评价,,,
4927,turbine,3,一般,涡轮,科学技术,,,,
4928,aerial,3,一般,天线,科学技术,,,erial,
4929,brow,3,一般,眉毛,人类与社会,,,,
4930,defer,3,一般,推迟,动作行为,起始与终止,,,
4931,flare,3,一般,爆发、闪光,动作行为,身体动作,,,
4932,humiliate,3,一般,使丢脸,动作行为,身体动作,,,
4933,jealous,3,一般,嫉妒的,情感心理,,,,
4934,massacre,3,一般,大屠杀,政治法律,,,,
4935,monotonous,3,一般,单调的,抽象概念,性质与评价,,,
4936,rejoice,3,一般,高兴,动作行为,使动与影响,,,
4937,sly,3,一般,狡猾的,情感心理,,,,
4938,speciality,3,一般,专长,教育学习,,,,
4939,strawberry,3,一般,草莓,食物营养,,,,
4940,synthesis,3,一般,合成,科学技术,,,,
4941,throne,3,一般,王位,政治法律,,,,
4942,vanity,3,一般,虚荣心,情感心理,,,,
4943,velocity,3,一般,速度,科学技术,,,,
4944,wedge,3,一般,楔子,科学技术,,,,
4945,allegiance,3,一般,效忠,情感心理,,,,
4946,bronze,3,一般,青铜,科学技术,,,,
4947,chalk,3,一般,粉笔,教育学习,,,,
4948,commemorate,3,一般,纪念,动作行为,社交交互,,,
4949,dumb,3,一般,愚蠢的,情感心理,,,,
4950,elapse,3,一般,逝去,时间日期,,,,
4951,generator,3,一般,发电机,科学技术,,,,
4952,ham,3,一般,火腿,食物营养,,,,
4953,hedge,3,一般,树篱、篱笆,自然环境,,,,
4954,idiom,3,一般,成语,文化宗教,,,,
4955,moisture,3,一般,水分,自然环境,,,,
4956,mortal,3,一般,凡人、致命的,健康医疗,,,,
4957,orphan,3,一般,孤儿,人类与社会,,,,
4958,overhaul,3,一般,彻底检查、革新,动作行为,评价与判断,,,
4959,plateau,3,一般,高原,自然环境,,,,
4960,pork,3,一般,猪肉,食物营养,,,,
4961,propagate,3,一般,传播,动作行为,变化趋势,,,
4962,puff,3,一般,粉扑、膨胀、一阵,动作行为,身体动作,,,
4963,reciprocal,3,一般,互惠、相互,抽象概念,性质与评价,reciprocal respect,,
4964,retrospect,3,一般,回顾,动作行为,心理活动,,,
4965,rib,3,一般,肋骨,人类与社会,,,,
4966,tan,3,一般,棕褐色、晒黑,交通旅行,,,,
4967,aggregate,3,一般,集料,科学技术,,,,
4968,anyhow,3,一般,无论如何,抽象概念,逻辑与关系,,,
4969,arch,3,一般,拱,空间地点,,,,
4970,avail,3,一般,利益、有利于,抽象概念,认知与抽象名词,,,
4971,balcony,3,一般,阳台,空间地点,,,,
4972,barbecue,3,一般,烧烤,食物营养,,,,
4973,belly,3,一般,腹部,人类与社会,,,,
4974,benevolent,3,一般,仁慈的,情感心理,,,,
4975,beware,3,一般,小心,动作行为,其他动作,,,
4976,blush,3,一般,脸红,动作行为,其他动作,,,
4977,born,3,一般,出生的,人类与社会,,,,
4978,bulletin,3,一般,公报,文化宗教,,,,
4979,centimetre,3,一般,厘米,科学技术,,,centimeter,
4980,circus,3,一般,马戏团,运动娱乐,,,,
4981,clasp,3,一般,钩、扣子,动作行为,身体动作,,,
4982,climax,3,一般,高潮,抽象概念,认知与抽象名词,,,
4983,commence,3,一般,开始,动作行为,起始与终止,,,
4984,decree,3,一般,法令、颁布,政治法律,,,,
4985,dilute,3,一般,稀释,动作行为,变化趋势,,,
4986,disappoint,3,一般,失望,动作行为,身体动作,,,
4987,discreet,3,一般,谨慎的,情感心理,,,,
4988,dissipate,3,一般,消散,动作行为,使动与影响,,,
4989,dynasty,3,一般,王朝,政治法律,,,,
4990,edible,3,一般,可食用的、食品,食物营养,,,,
4991,elastic,3,一般,有弹性的,科学技术,,,,
4992,escalate,3,一般,升级,动作行为,使动与影响,,,
4993,escort,3,一般,护送,动作行为,社交交互,,,
4994,exceedingly,3,一般,极度地、非常,抽象概念,数量与程度,,,
4995,excite,3,一般,刺激、激起,动作行为,使动与影响,,,
4996,exquisite,3,一般,精致的,抽象概念,性质与评价,,,
4997,fairy,3,一般,仙女,文化宗教,,,,
4998,feast,3,一般,宴会,食物营养,,,,
4999,fist,3,一般,拳头,人类与社会,,,,
5000,fortnight,3,一般,两星期,时间日期,,,,
5001,furious,3,一般,狂怒的,情感心理,,,,
5002,gauge,3,一般,测量,科学技术,,,gage,
5003,gorgeous,3,一般,华丽的,情感心理,,,,
5004,greeting,3,一般,问候,情感心理,,,,
5005,grind,3,一般,磨,动作行为,身体动作,,,
5006,guitar,3,一般,吉他,运动娱乐,,,,
5007,handbook,3,一般,手册,教育学习,,,,
5008,headmaster,3,一般,校长,职业工作,,,,
5009,herald,3,一般,先驱,动作行为,社交交互,,,
5010,herb,3,一般,药草,食物营养,,,,
5011,hoist,3,一般,升起、起重机,动作行为,身体动作,,,
5012,hose,3,一般,水管,日常生活,,,,
5013,humidity,3,一般,湿度,自然环境,,,,
5014,hurl,3,一般,用力投掷、丢下,动作行为,身体动作,,,
5015,icon,3,一般,偶像、图标,文化宗教,,,,
5016,intelligible,3,一般,可理解的,抽象概念,性质与评价,,,
5017,lad,3,一般,小伙子,人类与社会,,,,
5018,liner,3,一般,班轮,交通旅行,,,,
5019,locker,3,一般,储物柜,日常生活,,,,
5020,lubricate,3,一般,润滑,动作行为,使动与影响,,,
5021,marble,3,一般,大理石,日常生活,,,,
5022,mat,3,一般,垫子,日常生活,,,,
5023,me,3,一般,我,人类与社会,,,,
5024,melody,3,一般,旋律,运动娱乐,,,,
5025,merry,3,一般,愉快的,情感心理,,,,
5026,nineteen,3,一般,十九,时间日期,,,,
5027,notwithstanding,3,一般,尽管,抽象概念,逻辑与关系,,,
5028,onion,3,一般,洋葱,食物营养,,,,
5029,orchard,3,一般,果园,自然环境,,,,
5030,oval,3,一般,椭圆,抽象概念,性质与评价,,,
5031,overthrow,3,一般,推翻,动作行为,身体动作,,,
5032,owl,3,一般,猫头鹰,自然环境,,,,
5033,paradigm,3,一般,范例,教育学习,,,,
5034,paste,3,一般,粘贴,日常生活,,,,
5035,peach,3,一般,桃子、桃树,食物营养,,,,
5036,pedal,3,一般,踏板,科学技术,,,,
5037,pendulum,3,一般,钟摆,科学技术,,,,
5038,peninsula,3,一般,半岛,自然环境,,,,
5039,petition,3,一般,请愿,动作行为,占有与转移,,,
5040,pirate,3,一般,海盗,政治法律,,,,
5041,plantation,3,一般,种植园,自然环境,,,,
5042,pond,3,一般,池塘,自然环境,,,,
5043,postage,3,一般,邮费,商业经济,,,,
5044,recede,3,一般,后退,动作行为,变化趋势,,,
5045,reed,3,一般,芦苇,自然环境,,,,
5046,saddle,3,一般,鞍,日常生活,,,,
5047,salvation,3,一般,拯救,文化宗教,,,,
5048,saucer,3,一般,碟子,日常生活,,,,
5049,sausage,3,一般,香肠,食物营养,,,,
5050,scar,3,一般,疤痕,健康医疗,,,,
5051,scramble,3,一般,争夺,动作行为,身体动作,,,
5052,shaft,3,一般,轴,日常生活,,,,
5053,shear,3,一般,剪,动作行为,身体动作,,,
5054,skilful,3,一般,熟练的、巧妙的,抽象概念,性质与评价,,skillful,
5055,slam,3,一般,满贯,动作行为,其他动作,,,
5056,solo,3,一般,独奏,运动娱乐,,,,
5057,spade,3,一般,铁锹、铲,日常生活,,,,
5058,sparkle,3,一般,闪耀,动作行为,其他动作,,,
5059,stagnate,3,一般,停滞不前,动作行为,变化趋势,,,
5060,stun,3,一般,震惊,动作行为,身体动作,,,
5061,tariff,3,一般,关税,商业经济,,,,
5062,thermal,3,一般,热量的、热的,科学技术,,,,
5063,timid,3,一般,胆怯的,情感心理,,,,
5064,twinkle,3,一般,闪烁,动作行为,身体动作,,,
5065,unload,3,一般,卸下、卸货,动作行为,身体动作,,,
5066,veil,3,一般,面纱,交通旅行,,,,
5067,volleyball,3,一般,排球,运动娱乐,,,,
5068,warranty,3,一般,保修期,商业经济,,,,
5069,waterproof,3,一般,防水材料,日常生活,,,,
5070,whisky,3,一般,威士忌酒,食物营养,,,whiskey,
5071,wholesome,3,一般,有益健康的,抽象概念,性质与评价,,,
5072,amaze,2,一般,吃惊、惊讶,情感心理,,,,
5073,bait,2,一般,饵,动作行为,身体动作,,,
5074,coil,2,一般,圈、线圈,动作行为,身体动作,,,
5075,enquiry,2,一般,咨询,动作行为,社交交互,,,
5076,hypocrisy,2,一般,伪善,情感心理,,,,
5077,interface,2,一般,接口,科学技术,,,,
5078,invert,2,一般,颠倒、反转,动作行为,其他动作,,,
5079,lumber,2,一般,木材,自然环境,,,,
5080,madam,2,一般,夫人,人类与社会,,,,
5081,adjective,2,一般,形容词,教育学习,,,,
5082,alloy,2,一般,合金,科学技术,,,,
5083,bearing,2,一般,轴承,动作行为,身体动作,have a bearing on,,
5084,bewilder,2,一般,使迷惑,情感心理,,,,
5085,bloody,2,一般,血腥的,健康医疗,,,,
5086,centigrade,2,一般,百分度的,科学技术,,,,
5087,choir,2,一般,唱诗班,文化宗教,,,,
5088,clap,2,一般,击掌、拍手,动作行为,身体动作,,,
5089,cloak,2,一般,隐匿、外衣、遮掩,交通旅行,,,,
5090,comb,2,一般,梳子,日常生活,,,,
5091,debut,2,一般,初次登场,动作行为,起始与终止,,,
5092,dwelling,2,一般,住宅,日常生活,,,,
5093,harden,2,一般,硬化,动作行为,使动与影响,,,
5094,inhale,2,一般,吸入,动作行为,身体动作,,,
5095,mourn,2,一般,哀悼,动作行为,其他动作,,morn,
5096,necessitate,2,一般,迫使,动作行为,使动与影响,,,
5097,obstruct,2,一般,妨碍,动作行为,身体动作,,,
5098,oxide,2,一般,氧化物,科学技术,,,,
5099,panorama,2,一般,全景,自然环境,,,,
5100,rake,2,一般,耙子,动作行为,其他动作,,,
5101,repertoire,2,一般,全部节目,运动娱乐,,,,
5102,rose,2,一般,玫瑰,自然环境,,,,
5103,spiral,2,一般,螺旋,自然环境,,,,
5104,staircase,2,一般,楼梯,日常生活,,,,
5105,triangle,2,一般,三角形,科学技术,,,,
5106,adjacent,2,一般,邻近的,空间地点,,,,
5107,antenna,2,一般,天线,科学技术,,,,
5108,approximate,2,一般,接近,抽象概念,性质与评价,,,
5109,arena,2,一般,竞技场,运动娱乐,,,,
5110,artery,2,一般,动脉,人类与社会,,,,
5111,auditorium,2,一般,礼堂,空间地点,,,,
5112,autumn,2,一般,秋天,时间日期,,,,
5113,bandage,2,一般,绷带,健康医疗,,,,
5114,bark,2,一般,树皮,自然环境,,,,
5115,best,2,一般,最、最好的,抽象概念,性质与评价,,,
5116,bibliography,2,一般,参考书目,教育学习,,,,
5117,blossom,2,一般,花,自然环境,,,,
5118,camel,2,一般,骆驼,自然环境,,,,
5119,cannon,2,一般,大炮,政治法律,,,,
5120,capsule,2,一般,胶囊,健康医疗,,,,
5121,cardinal,2,一般,基本的,文化宗教,,,,
5122,clergy,2,一般,神职人员,文化宗教,,,,
5123,clutch,2,一般,抓住、离合器,动作行为,身体动作,,,
5124,cohesive,2,一般,团结的、粘性的,抽象概念,性质与评价,,,
5125,configuration,2,一般,构造,抽象概念,认知与抽象名词,,,
5126,contagious,2,一般,传染性的,健康医疗,,,,
5127,crow,2,一般,乌鸦,自然环境,,,,
5128,damp,2,一般,潮湿,自然环境,,,,
5129,denounce,2,一般,谴责,动作行为,身体动作,,,
5130,deplore,2,一般,谴责,动作行为,评价与判断,,,
5131,depress,2,一般,降低,动作行为,身体动作,,,
5132,disc,2,一般,圆盘,科学技术,,,,
5133,distil,2,一般,蒸馏,动作行为,身体动作,,distill,
5134,dragon,2,一般,龙,自然环境,,,,
5135,dusk,2,一般,黄昏,时间日期,,,,
5136,emphasise,2,一般,着重,动作行为,其他动作,,emphasize,
5137,exterior,2,一般,外部,空间地点,,,,
5138,fabricate,2,一般,制造,动作行为,身体动作,,,
5139,fellowship,2,一般,奖学金、友谊,文化宗教,,,,
5140,foam,2,一般,泡沫,日常生活,,,,
5141,footstep,2,一般,脚步,人类与社会,,,,
5142,freelance,2,一般,自由职业者,职业工作,,,,
5143,goat,2,一般,山羊,自然环境,,,,
5144,goose,2,一般,鹅,自然环境,,,,
5145,gown,2,一般,长袍,交通旅行,,,,
5146,gymnasium,2,一般,体育馆,运动娱乐,,,,
5147,hay,2,一般,干草,自然环境,,,,
5148,intersection,2,一般,十字路口,空间地点,,,,
5149,inverse,2,一般,相反的、倒数,抽象概念,性质与评价,,,
5150,isle,2,一般,岛,自然环境,,,,
5151,jolly,2,一般,非常、快乐的,情感心理,,,,
5152,judicial,2,一般,公正的、司法的,政治法律,,,,
5153,lace,2,一般,花边,日常生活,,,,
5154,lavatory,2,一般,厕所,日常生活,,,,
5155,lick,2,一般,舔,动作行为,身体动作,,,
5156,maiden,2,一般,少女,人类与社会,,,,
5157,malignant,2,一般,恶性的,健康医疗,,,,
5158,missile,2,一般,导弹,政治法律,,,,
5159,module,2,一般,模块,科学技术,,,,
5160,numb,2,一般,麻木的,情感心理,,,,
5161,nylon,2,一般,尼龙,交通旅行,,,,
5162,obstruction,2,一般,障碍,抽象概念,性质与评价,,,
5163,opaque,2,一般,不透明的,抽象概念,性质与评价,,,
5164,outing,2,一般,郊游,交通旅行,,,,
5165,ox,2,一般,牛,自然环境,,,,
5166,pathetic,2,一般,可怜的,情感心理,,,,
5167,patriotic,2,一般,爱国的,情感心理,,,,
5168,pebble,2,一般,鹅卵石,自然环境,,,,
5169,peel,2,一般,果皮,食物营养,,,,
5170,perfume,2,一般,香水,交通旅行,,,,
5171,pneumonia,2,一般,肺炎,健康医疗,,,,
5172,recollect,2,一般,回忆,动作行为,心理活动,,,
5173,retort,2,一般,反驳,动作行为,身体动作,,,
5174,royalty,2,一般,版税,商业经济,,,,
5175,saw,2,一般,锯,动作行为,身体动作,,,
5176,scout,2,一般,侦察,动作行为,其他动作,,,
5177,sew,2,一般,缝,动作行为,身体动作,,,
5178,shampoo,2,一般,洗头,日常生活,,,,
5179,shepherd,2,一般,牧羊,职业工作,,,,
5180,siren,2,一般,警报器、汽笛,日常生活,,,,
5181,skull,2,一般,头骨,人类与社会,,,,
5182,slaughter,2,一般,屠杀,动作行为,其他动作,,,
5183,sophomore,2,一般,第二年的,教育学习,,,,
5184,spicy,2,一般,辛辣的,食物营养,,,,
5185,stab,2,一般,刺、刺伤,动作行为,其他动作,,,
5186,stationery,2,一般,文具,日常生活,,,,
5187,stipulate,2,一般,规定,动作行为,社交交互,,,
5188,sunset,2,一般,日落,时间日期,,,,
5189,thereafter,2,一般,其后,时间日期,,,,
5190,trench,2,一般,沟,空间地点,,,,
5191,ultraviolet,2,一般,紫外线,科学技术,,,,
5192,unanimous,2,一般,全体一致的,抽象概念,性质与评价,a unanimous decision,,
5193,voltage,2,一般,电压,科学技术,,,,
5194,width,2,一般,宽度,抽象概念,数量与程度,,,
5195,zip,2,一般,拉链、尖啸声,动作行为,身体动作,,,
5196,abdomen,1,一般,腹部,人类与社会,,,,
5197,agitate,1,一般,煽动、晃动,动作行为,身体动作,,,
5198,amiable,1,一般,亲切的,情感心理,,,,
5199,bribe,1,一般,贿赂,动作行为,占有与转移,,,
5200,composite,1,一般,复合材料,抽象概念,性质与评价,,,
5201,comrade,1,一般,同志,人类与社会,,,,
5202,contingent,1,一般,代表团,人类与社会,,,,
5203,culprit,1,一般,罪犯,政治法律,,,,
5204,giggle,1,一般,咯咯地笑,动作行为,身体动作,,,
5205,interim,1,一般,临时的,时间日期,,,,
5206,lame,1,一般,痛的,抽象概念,性质与评价,,,
5207,minimise,1,一般,尽量减少,动作行为,使动与影响,,minimize,
5208,paddle,1,一般,桨,运动娱乐,,,,
5209,pea,1,一般,豌豆,食物营养,,,,
5210,physiology,1,一般,生理学,健康医疗,,,,
5211,plaster,1,一般,石膏,日常生活,,,,
5212,preposition,1,一般,介词,教育学习,,,,
5213,radioactive,1,一般,放射性的,科学技术,,,,
5214,ruthless,1,一般,无情的,情感心理,,,,
5215,watt,1,一般,瓦特,科学技术,,,,
5216,adore,1,一般,热爱、爱慕,情感心理,,,,
5217,esthetic,1,一般,美学,文化宗教,,,"aesthetic, esthetical, aesthetical",
5218,anguish,1,一般,痛苦,情感心理,,,,
5219,appal,1,一般,吓坏、惊骇,情感心理,,,appall,
5220,appendix,1,一般,附录,健康医疗,,,,
5221,assassinate,1,一般,暗杀,动作行为,其他动作,,,
5222,ax,1,一般,斧子、削减,动作行为,其他动作,,axe,
5223,badminton,1,一般,羽毛球,运动娱乐,,,,
5224,batch,1,一般,一批,日常生活,,,,
5225,blackboard,1,一般,黑板,教育学习,,,,
5226,blade,1,一般,叶片,日常生活,,,,
5227,brevity,1,一般,简洁,抽象概念,性质与评价,,,
5228,buffet,1,一般,自助餐,食物营养,,,,
5229,cellar,1,一般,地窖,日常生活,,,,
5230,cemetery,1,一般,墓地,文化宗教,,,,
5231,coarse,1,一般,粗糙的,抽象概念,性质与评价,,,
5232,comet,1,一般,彗星,自然环境,,,,
5233,cordial,1,一般,热忱的、诚恳的,情感心理,,,,
5234,cosy,1,一般,相互勾结的、亲切友好的,日常生活,,,cozy,
5235,darling,1,一般,亲爱的,情感心理,,,,
5236,deduct,1,一般,扣除,动作行为,身体动作,,,
5237,degenerate,1,一般,退化,动作行为,变化趋势,,,
5238,dew,1,一般,露水,自然环境,,,,
5239,discrete,1,一般,不连续的,抽象概念,性质与评价,易混 discreet 谨慎的,,
5240,drip,1,一般,滴,动作行为,身体动作,,,
5241,eclipse,1,一般,丧失、形成日或月食,自然环境,,,,
5242,electrician,1,一般,电工,职业工作,,,,
5243,electron,1,一般,电子,科学技术,,,,
5244,encyclopedia,1,一般,百科全书,教育学习,,,encyclopaedia,
5245,enquire,1,一般,询问,动作行为,身体动作,,,
5246,equator,1,一般,赤道,自然环境,,,,
5247,forehead,1,一般,前额,人类与社会,,,,
5248,fright,1,一般,惊恐,情感心理,,,,
5249,fringe,1,一般,边缘,抽象概念,性质与评价,,,
5250,gang,1,一般,一伙,人类与社会,,,,
5251,garlic,1,一般,大蒜,食物营养,,,,
5252,generalise,1,一般,概括,动作行为,身体动作,,generalize,
5253,graceful,1,一般,优雅的,情感心理,,,,
5254,harassment,1,一般,骚扰,情感心理,,,,
5255,henceforth,1,一般,今后,时间日期,,,,
5256,idiot,1,一般,白痴,情感心理,,,,
5257,inaugurate,1,一般,开创、开始,动作行为,起始与终止,,,
5258,intercourse,1,一般,性交,情感心理,,,intercorse,
5259,ivory,1,一般,象牙,自然环境,,,,
5260,kettle,1,一般,水壶,日常生活,,,,
5261,kite,1,一般,风筝,运动娱乐,,,,
5262,knob,1,一般,旋钮,日常生活,,,,
5263,lantern,1,一般,灯笼,日常生活,,,,
5264,lid,1,一般,盖子,日常生活,,,,
5265,longitude,1,一般,经度,自然环境,,,,
5266,lyric,1,一般,抒情诗,文化宗教,,,,
5267,manoeuvre,1,一般,操纵、策略,动作行为,使动与影响,,maneuver,
5268,melon,1,一般,甜瓜,食物营养,,,,
5269,microphone,1,一般,麦克风,科学技术,,,,
5270,militant,1,一般,激进分子,政治法律,,,,
5271,mist,1,一般,雾,自然环境,,,,
5272,mosaic,1,一般,马赛克,文化宗教,,,,
5273,mosquito,1,一般,蚊子,自然环境,,,,
5274,mushroom,1,一般,蘑菇,自然环境,,,,
5275,mutter,1,一般,咕哝、抱怨,动作行为,身体动作,,,
5276,napkin,1,一般,餐巾,日常生活,,,,
5277,nephew,1,一般,侄子,人类与社会,,,,
5278,noodle,1,一般,面条,食物营养,,,,
5279,nostalgic,1,一般,怀旧的,情感心理,,,,
5280,oath,1,一般,誓言,政治法律,,,,
5281,obsolete,1,一般,过时的,抽象概念,性质与评价,obsolete technology,,
5282,overhear,1,一般,偷听,动作行为,身体动作,,,
5283,paralyse,1,一般,瘫痪,动作行为,使动与影响,,paralyze,
5284,passerby,1,一般,过路人,人类与社会,,,,
5285,paw,1,一般,爪子,自然环境,,,,
5286,peanut,1,一般,花生,食物营养,,,,
5287,pillow,1,一般,枕、枕头,日常生活,,,,
5288,porcelain,1,一般,瓷,日常生活,,,,
5289,radiant,1,一般,辐射的、发光的,抽象概念,性质与评价,,,
5290,redeem,1,一般,赎回,动作行为,占有与转移,,,
5291,reel,1,一般,卷,动作行为,身体动作,,,
5292,relish,1,一般,喜欢、享受,动作行为,身体动作,,,
5293,remainder,1,一般,剩余物、廉价出售,抽象概念,认知与抽象名词,,,
5294,riddle,1,一般,谜,情感心理,,,,
5295,salient,1,一般,突出的、显著的,抽象概念,性质与评价,,,
5296,sane,1,一般,心智健全的,情感心理,,,,
5297,seam,1,一般,缝,日常生活,,,,
5298,shutter,1,一般,快门,日常生活,,,,
5299,siege,1,一般,围攻,政治法律,,,,
5300,slipper,1,一般,拖鞋,交通旅行,,,,
5301,snobbish,1,一般,势利的,情感心理,,,,
5302,sprout,1,一般,芽,动作行为,使动与影响,,,
5303,stagger,1,一般,蹒跚,动作行为,身体动作,,,
5304,static,1,一般,静态的、静电,抽象概念,性质与评价,remain static,,
5305,stool,1,一般,凳子,日常生活,,,,
5306,streamline,1,一般,简化,动作行为,身体动作,,,
5307,summarise,1,一般,概括,动作行为,其他动作,,summarize,
5308,supersonic,1,一般,超声波,科学技术,,,,
5309,swan,1,一般,天鹅,自然环境,,,,
5310,symmetry,1,一般,匀称,科学技术,,,,
5311,tempo,1,一般,节奏,运动娱乐,,,,
5312,temporal,1,一般,暂时的,抽象概念,性质与评价,,,
5313,tiresome,1,一般,讨厌的,情感心理,,,,
5314,trifle,1,一般,琐事、浪费,日常生活,,,,
5315,tub,1,一般,浴盆、桶,日常生活,,,,
5316,understanding,1,一般,理解,情感心理,,,,
5317,valve,1,一般,阀门,科学技术,,,,
5318,variance,1,一般,变化,抽象概念,性质与评价,,,
5319,vase,1,一般,花瓶,日常生活,,,,
5320,vest,1,一般,背心,交通旅行,,,,
5321,vibrate,1,一般,颤动,动作行为,身体动作,,,
5322,volatile,1,一般,不稳定的、挥发物,抽象概念,性质与评价,,,
5323,volt,1,一般,伏特,科学技术,,,,
5324,waterfall,1,一般,瀑布,自然环境,,,,
5325,wax,1,一般,蜡,日常生活,,,,
5326,whirl,1,一般,旋转、回旋,动作行为,身体动作,,,
5327,witch,1,一般,女巫,文化宗教,,,,
5328,wool,1,一般,羊毛,交通旅行,,,,
5329,wrench,1,一般,猛扭、痛苦,动作行为,身体动作,,,
5330,wrinkle,1,一般,皱纹,动作行为,身体动作,,,
,according to,0,补录·实为考过,据所说、根据,抽象概念,逻辑与关系,,,实际考过：被词形还原计入 accord（词频 1184）
,clothes,0,补录·实为考过,衣服,交通旅行,,,,实际考过：被词形还原计入 clothe（词频 119）
,dove,0,补录·实为考过,鸽子,自然环境,,,dive,实际考过：作异体拼写并入 dive（词频 20）
,economics,0,补录·实为考过,经济学,商业经济,,,,实际考过：被词形还原计入 economic（词频 715）
,farther,0,补录·实为考过,更远的、更远地,空间地点,,,,实际考过：被词形还原计入 far（词频 794）
,following,0,补录·实为考过,下列的、接着的,抽象概念,性质与评价,,,实际考过：被词形还原计入 follow（词频 3014）
,further,0,补录·实为考过,更远的、促进,抽象概念,数量与程度,,,实际考过：被词形还原计入 far（词频 794）
,goods,0,补录·实为考过,货物,商业经济,,,,实际考过：被词形还原计入 good（词频 1571）
,grown-up,0,补录·实为考过,成年人,人类与社会,,,,实际考过：被词形还原计入 grow（词频 734）
,him,0,补录·实为考过,他,人类与社会,,,,实际考过：被词形还原计入 he（词频 6542）
,leading,0,补录·实为考过,主要的、领导的,抽象概念,性质与评价,,,实际考过：被词形还原计入 lead（词频 707）
,left,0,补录·实为考过,左边、向左,空间地点,,,,实际考过：被词形还原计入 leave（词频 769）
,living,0,补录·实为考过,生活,人类与社会,,,,实际考过：被词形还原计入 live（词频 1524）
,married,0,补录·实为考过,已婚的、婚姻的,人类与社会,,,,实际考过：被词形还原计入 marry（词频 116）
,means,0,补录·实为考过,手段,抽象概念,认知与抽象名词,,,实际考过：被词形还原计入 mean（词频 1424）
,media,0,补录·实为考过,传播媒介,科学技术,,,,实际考过：被词形还原计入 medium（词频 401）
,missing,0,补录·实为考过,失踪的,抽象概念,性质与评价,,,实际考过：被词形还原计入 miss（词频 345）
,odds,0,补录·实为考过,可能性,抽象概念,认知与抽象名词,,,实际考过：被词形还原计入 odd（词频 66）
,ought to,0,补录·实为考过,应该,抽象概念,逻辑与关系,,,实际考过：被词形还原计入 owe（词频 51）
,owing to,0,补录·实为考过,由于,抽象概念,逻辑与关系,,,实际考过：被词形还原计入 owe（词频 51）
,proceedings,0,补录·实为考过,诉讼,政治法律,,,,实际考过：被词形还原计入 proceed（词频 40）
,promising,0,补录·实为考过,有前途的,抽象概念,性质与评价,,promizing,实际考过：被词形还原计入 promise（词频 216）
,provided,0,补录·实为考过,提供的,抽象概念,逻辑与关系,,,实际考过：被词形还原计入 provide（词频 1013）
,regarding,0,补录·实为考过,关于,抽象概念,逻辑与关系,,,实际考过：被词形还原计入 regard（词频 244）
,remains,0,补录·实为考过,遗体,抽象概念,认知与抽象名词,,,实际考过：被词形还原计入 remain（词频 438）
,serial,0,补录·实为考过,序列,文化宗教,,,,实际考过：被词形还原计入 series（词频 114）
,so-called,0,补录·实为考过,所谓的,抽象概念,性质与评价,,,实际考过：被词形还原计入 call（词频 790）
,striking,0,补录·实为考过,显著的,情感心理,,,,实际考过：被词形还原计入 strike（词频 137）
,surroundings,0,补录·实为考过,环境,自然环境,,,,实际考过：被词形还原计入 surround（词频 63）
,them,0,补录·实为考过,他们,人类与社会,,,,实际考过：被词形还原计入 they（词频 11942）
,up-to-date,0,补录·实为考过,最新的,抽象概念,性质与评价,,,实际考过：被词形还原计入 date（词频 145）
,us,0,补录·实为考过,我们,人类与社会,,,,实际考过：被词形还原计入 we（词频 5808）
,used,0,补录·实为考过,二手的,抽象概念,性质与评价,,,实际考过：被词形还原计入 use（词频 3066）
,well-known,0,补录·实为考过,众所周知的,抽象概念,性质与评价,,,实际考过：被词形还原计入 know（词频 1511）
,worse,0,补录·实为考过,更坏、更坏的,抽象概念,性质与评价,,,实际考过：被词形还原计入 bad（词频 575）
,worst,0,补录·实为考过,最坏、最坏的,抽象概念,性质与评价,,,实际考过：被词形还原计入 bad（词频 575）
,yours,0,补录·实为考过,你的,人类与社会,,,,实际考过：被词形还原计入 you（词频 10015）
,yourselves,0,补录·实为考过,你们自己,抽象概念,基础功能词,,,实际考过：被词形还原计入 you（词频 10015）
,accustom,0,补录·疑似考过,习惯,动作行为,使动与影响,,,常用形式 be accustomed to，被动式被单独计数
,air conditioning,0,补录·疑似考过,空调,日常生活,,,,词组被拆分，condition 单独计数
,analog,0,补录·疑似考过,模拟的,科学技术,,,analogue,英美拼写变体，真题多写作 analogue
,apologise,0,补录·疑似考过,道歉,动作行为,社交交互,,apologize,英美拼写变体，真题多写作 apologize
,artefact,0,补录·疑似考过,人工制品,日常生活,,,artifact,英美拼写变体，真题多写作 artifact
,cigaret,0,补录·疑似考过,香烟,食物营养,,,cigarette,英美拼写变体，真题多写作 cigarette
,civilise,0,补录·疑似考过,使文明,动作行为,使动与影响,,civilize,英美拼写变体，真题多写作 civilize
,data,0,补录·疑似考过,数据,科学技术,,,,常用复数，疑被归入 datum（不在考纲）
,despatch,0,补录·疑似考过,派遣,动作行为,身体动作,,,英美拼写变体，真题多写作 dispatch
,dialog,0,补录·疑似考过,对话,文化宗教,,,dialogue,英美拼写变体，真题多写作 dialogue
,gaol,0,补录·疑似考过,监狱,政治法律,,,jail,英美拼写变体，真题多写作 jail
,glamor,0,补录·疑似考过,魅力,抽象概念,性质与评价,,glamour,英美拼写变体，真题多写作 glamour
,headquarters,0,补录·疑似考过,总部、司令部,职业工作,,,,复合词被拆为 head(285)+quarters
,ice cream,0,补录·疑似考过,冰淇淋,食物营养,,,,词组被拆分，cream 单独计数
,Internet,0,补录·疑似考过,因特网,科学技术,,,,大写词形未匹配小写 internet
,living room,0,补录·疑似考过,客厅,日常生活,,,,词组被拆分，room 单独计数
,mathematics,0,补录·疑似考过,数学,科学技术,,,,学科名词，疑被词形还原计入 mathematical(25)
,millimetre,0,补录·疑似考过,毫米,科学技术,,,millimeter,英美拼写变体，真题多写作 millimeter
,mobilise,0,补录·疑似考过,动员,动作行为,使动与影响,,mobilize,英美拼写变体，真题多写作 mobilize
,modernisation,0,补录·疑似考过,现代化,科学技术,,,modernization,英美拼写变体，真题多写作 modernization
,normalisation,0,补录·疑似考过,正常化,抽象概念,认知与抽象名词,,normalization,英美拼写变体，真题多写作 normalization
,o'clock,0,补录·疑似考过,点钟,时间日期,,,,含撇号，分词器未识别
,physics,0,补录·疑似考过,物理学,科学技术,,,,学科名词，疑被词形还原计入 physical(293)
,politics,0,补录·疑似考过,政治、政治学,政治法律,,,,学科名词，疑被词形还原计入 political(294)
,species,0,补录·疑似考过,种类,自然环境,,,,单复数同形，分词器未识别
,statistics,0,补录·疑似考过,统计,科学技术,,,,学科名词，疑被词形还原漏计
,sulphur,0,补录·疑似考过,硫,科学技术,,,sulfur,英美拼写变体，真题多写作 sulfur
,sympathise,0,补录·疑似考过,同情,动作行为,其他动作,,sympathize,英美拼写变体，真题多写作 sympathize
,topic,0,补录·疑似考过,话题,教育学习,,,,真题阅读/写作高频，疑被归一化漏计
,X-ray,0,补录·疑似考过,X射线,科学技术,,,,含连字符，分词器未识别